name,cuisine,airport_code,airport_name
Bottega Bar,Italian,AUH,Abu Dhabi International
Culto Cafe,"Coffee, Italian, Café",AUH,Abu Dhabi International
Levito: Pizza – Pasta,"Italian, Pizza, Pasta",AUH,Abu Dhabi International
Operation Falafel,"Middle Eastern, Street Food",AUH,Abu Dhabi International
Pana,"Bar, Café, International",AUH,Abu Dhabi International
Patamar,"Indian, Asian",AUH,Abu Dhabi International
Patamar To Go,"Indian, Asian",AUH,Abu Dhabi International
Pier D,"Bar, International",AUH,Abu Dhabi International
Shawa,"Lebanese, Middle Eastern",AUH,Abu Dhabi International
Taste of India,Indian,AUH,Abu Dhabi International
The Daily,"Café, International",AUH,Abu Dhabi International
The Majilis,"Middle Eastern, International",AUH,Abu Dhabi International
The Meat District,"American, Burgers",AUH,Abu Dhabi International
Todd English Market & Pub,"International, Bar",AUH,Abu Dhabi International
VIT,"Juices, Café",AUH,Abu Dhabi International
Yasamin,"International, Café, Bar",AUH,Abu Dhabi International
Amsterdam Bread Co.,,AMS,Amsterdam Schiphol
Birra Moretti Bar,,AMS,Amsterdam Schiphol
Bread!,,AMS,Amsterdam Schiphol
Bubbles Seafood & Winebar,,AMS,Amsterdam Schiphol
Café Comunal,,AMS,Amsterdam Schiphol
Café Rembrandt,,AMS,Amsterdam Schiphol
Crossroads,,AMS,Amsterdam Schiphol
Dammer's Tap,,AMS,Amsterdam Schiphol
Douwe Egberts Coffee Bar,,AMS,Amsterdam Schiphol
Dutch Kitchen Bar & Cocktails,,AMS,Amsterdam Schiphol
East Bar & Bites,,AMS,Amsterdam Schiphol
Ancho,,ATH,Athens Eleftherios Venizelos
Artisan-Taf,,ATH,Athens Eleftherios Venizelos
Barbadimos,,ATH,Athens Eleftherios Venizelos
Bistrot Attica Athens / Lukumades,,ATH,Athens Eleftherios Venizelos
Bufala Gelato,,ATH,Athens Eleftherios Venizelos
Coffee Berry,,ATH,Athens Eleftherios Venizelos
Cultivos,,ATH,Athens Eleftherios Venizelos
EASY grab-n-go,,ATH,Athens Eleftherios Venizelos
Eat Greek,,ATH,Athens Eleftherios Venizelos
Ergon Greek Cuisine,,ATH,Athens Eleftherios Venizelos
Everest,,ATH,Athens Eleftherios Venizelos
Everest Exclusive,,ATH,Athens Eleftherios Venizelos
Flocafe Espresso Room,,ATH,Athens Eleftherios Venizelos
Green Veneti 1948,,ATH,Athens Eleftherios Venizelos
Gregory's,,ATH,Athens Eleftherios Venizelos
Holy Burger,,ATH,Athens Eleftherios Venizelos
Kayak,,ATH,Athens Eleftherios Venizelos
Koi Sushi Bar,,ATH,Athens Eleftherios Venizelos
Koulourades,,ATH,Athens Eleftherios Venizelos
La Pasteria - Flocafe,,ATH,Athens Eleftherios Venizelos
Mailo's The Pasta Project,,ATH,Athens Eleftherios Venizelos
Mon Kooloor,,ATH,Athens Eleftherios Venizelos
The Beer House,,ATH,Athens Eleftherios Venizelos
To Go,,ATH,Athens Eleftherios Venizelos
Veneti,,ATH,Athens Eleftherios Venizelos
Veneti-GO!,,ATH,Athens Eleftherios Venizelos
Aim Deli,,BKK,Bangkok Suvarnabhumi
Aroi Restaurant,thai,BKK,Bangkok Suvarnabhumi
Asian Corner,asian,BKK,Bangkok Suvarnabhumi
Charm Boat Noodle,thai,BKK,Bangkok Suvarnabhumi
Chaw X Lavazza,coffee_shop,BKK,Bangkok Suvarnabhumi
China Town,chinese,BKK,Bangkok Suvarnabhumi
Coffee World,coffee_shop,BKK,Bangkok Suvarnabhumi
Ess Corner Cafe,,BKK,Bangkok Suvarnabhumi
Imm Rice & Noodle,thai,BKK,Bangkok Suvarnabhumi
Juice & More,juice,BKK,Bangkok Suvarnabhumi
Kanom,,BKK,Bangkok Suvarnabhumi
Kin Japanese Restaurant,japanese,BKK,Bangkok Suvarnabhumi
Koh Hop Bar,"burger, thai, breakfast, pasta, sandwich, fish, seafood",BKK,Bangkok Suvarnabhumi
KOSUKE,japanese,BKK,Bangkok Suvarnabhumi
Lee Cafe,,BKK,Bangkok Suvarnabhumi
Luggaw,,BKK,Bangkok Suvarnabhumi
Mango Star,,BKK,Bangkok Suvarnabhumi
Milch,,BKK,Bangkok Suvarnabhumi
Pie Face,,BKK,Bangkok Suvarnabhumi
REES Specialty Coffee,coffee_shop,BKK,Bangkok Suvarnabhumi
Ruam Samai,thai,BKK,Bangkok Suvarnabhumi
S&P,thai,BKK,Bangkok Suvarnabhumi
SENSIB Café,coffee_shop,BKK,Bangkok Suvarnabhumi
Sushi Nama,japanese,BKK,Bangkok Suvarnabhumi
Thai Street Food,thai,BKK,Bangkok Suvarnabhumi
The Coffee Club,coffee_shop,BKK,Bangkok Suvarnabhumi
The Pizza Company,pizza,BKK,Bangkok Suvarnabhumi
The Villa Halal,halal,BKK,Bangkok Suvarnabhumi
Top Ten Thai Restaurant,thai,BKK,Bangkok Suvarnabhumi
Wawee Coffee,coffee_shop,BKK,Bangkok Suvarnabhumi
Zurich Bread Café,,BKK,Bangkok Suvarnabhumi
And More Restaurant,mediterranean,PKX,Beijing Daxing
Boutique DaDong Restaurant,chinese,PKX,Beijing Daxing
Bridge Xiangyuan Rice Noodles,chinese,PKX,Beijing Daxing
Chee Kei,chinese,PKX,Beijing Daxing
CoCo,,PKX,Beijing Daxing
CoCo+Mr.Fruits,,PKX,Beijing Daxing
Dumplings loved by Xihe,chinese,PKX,Beijing Daxing
Grandma's Home,chinese,PKX,Beijing Daxing
Guangfangyuan,,PKX,Beijing Daxing
HOPE TREE,chinese,PKX,Beijing Daxing
Hungry Korean,korean,PKX,Beijing Daxing
LAOSHE TEAHOUSE,tea,PKX,Beijing Daxing
Master Kong Chef's Table,,PKX,Beijing Daxing
Qing-Feng Steamed Dumpling Shop,chinese,PKX,Beijing Daxing
Quanjude Roast Duck Restaurant,chinese,PKX,Beijing Daxing
Taoyuan Village,chinese,PKX,Beijing Daxing
Western Mahua,chinese,PKX,Beijing Daxing
Xi Bei,chinese,PKX,Beijing Daxing
XIABUXIABU,chinese,PKX,Beijing Daxing
Xishaoye,chinese,PKX,Beijing Daxing
Aspire Lounge,,BHX,Birmingham Airport
Aspire Lounge South,,BHX,Birmingham Airport
Bottega Prosecco Bar,,BHX,Birmingham Airport
Chaiiwala,,BHX,Birmingham Airport
Clubrooms by No. 1,,BHX,Birmingham Airport
Indian Brewery,,BHX,Birmingham Airport
No. 1 Traveller Lounge,,BHX,Birmingham Airport
Shelby and Co,,BHX,Birmingham Airport
The Emirates Lounge,,BHX,Birmingham Airport
The Factory Bar and Kitchen,,BHX,Birmingham Airport
Alta Strada,,BOS,Boston Logan
B.GOOD,,BOS,Boston Logan
Berkshire Farms Market,,BOS,Boston Logan
Boston Bruins Bar,,BOS,Boston Logan
Boston Harbor Distillery,,BOS,Boston Logan
Boston Public Market,,BOS,Boston Logan
Cheers,,BOS,Boston Logan
Evolvending Vending Machine,,BOS,Boston Logan
Evolvending Vending Machines,,BOS,Boston Logan
Fox & Flight,,BOS,Boston Logan
Gachi Sushi & Noodles,,BOS,Boston Logan
Harvest & Vine Wine Bar,,BOS,Boston Logan
Hemingway's Restaurant & Bar,,BOS,Boston Logan
Hissho Sushi,,BOS,Boston Logan
Ironside Fish & Oyster,,BOS,Boston Logan
J.B. Sullivan's,,BOS,Boston Logan
Legal Sea Foods,,BOS,Boston Logan
Loretta's Last Call,,BOS,Boston Logan
Mija Cantina & Tequila Bar,,BOS,Boston Logan
Monica's Mercato,,BOS,Boston Logan
Mount Comfort Coffee,,BOS,Boston Logan
N.E. MKT,,BOS,Boston Logan
Peet's at Night,,BOS,Boston Logan
Roger's Fish Co.,,BOS,Boston Logan
Sal's Pizza,,BOS,Boston Logan
Stephanie's,,BOS,Boston Logan
Temazcal Cantina,,BOS,Boston Logan
TICO,,BOS,Boston Logan
Vineyard Grille,,BOS,Boston Logan
Amo,,BRU,Brussels Airport
Bar Festiv,,BRU,Brussels Airport
Beers & Cheers,,BRU,Brussels Airport
Belgorama,,BRU,Brussels Airport
Belle & Belge,,BRU,Brussels Airport
Bistrot Bakery,,BRU,Brussels Airport
Bistrot Bar,,BRU,Brussels Airport
Black Pearls,,BRU,Brussels Airport
Brewgate,,BRU,Brussels Airport
Café Comptoir,,BRU,Brussels Airport
Guapa,,BRU,Brussels Airport
Gullivers Restaurant,,BRU,Brussels Airport
Hi! Brussels,,BRU,Brussels Airport
JAVA Coffee House,,BRU,Brussels Airport
Kimbo,,BRU,Brussels Airport
Leffe Bar,,BRU,Brussels Airport
Panos,,BRU,Brussels Airport
Panos Sweet Bakery,,BRU,Brussels Airport
Quick,,BRU,Brussels Airport
The Chocolate Shack by Dominique Persoone,,BRU,Brussels Airport
Welcome Bar,,BRU,Brussels Airport
AG1 - Vending Machine,,ORD,Chicago O'Hare
Always Fresh Always On,,ORD,Chicago O'Hare
America's Dog,,ORD,Chicago O'Hare
Andiamo,,ORD,Chicago O'Hare
"B-Smooth, Smoothies & Salads",,ORD,Chicago O'Hare
Bar Siena,,ORD,Chicago O'Hare
Beaudevin Wine Bar,,ORD,Chicago O'Hare
Berghoff Cafe,,ORD,Chicago O'Hare
BJ's Gourmet Market,,ORD,Chicago O'Hare
Brioche Doree,,ORD,Chicago O'Hare
Bubbles Wine Bar,,ORD,Chicago O'Hare
Burger Federation,,ORD,Chicago O'Hare
Burrito Beach,,ORD,Chicago O'Hare
Butcher & The Burger,,ORD,Chicago O'Hare
Cafe Descartes,,ORD,Chicago O'Hare
Cafe Zoot!,,ORD,Chicago O'Hare
Caffe Mercato,,ORD,Chicago O'Hare
Carry Out/Carry On,,ORD,Chicago O'Hare
Chi Life Market,,ORD,Chicago O'Hare
Chicago Cubs Bar & Grill,,ORD,Chicago O'Hare
Chicago Essentials Vending Machine,,ORD,Chicago O'Hare
Chicago Neighborhood Market & Goods,,ORD,Chicago O'Hare
Ciao Gourmet Market,,ORD,Chicago O'Hare
Connect Bar,,ORD,Chicago O'Hare
Eat Well Travel Further,,ORD,Chicago O'Hare
Eli's Cheesecake - Home Run Inn Pizza - Vienna Beef,,ORD,Chicago O'Hare
Facades Bar,,ORD,Chicago O'Hare
Fulton Street Cafe,,ORD,Chicago O'Hare
Galileo Bar & Grill,,ORD,Chicago O'Hare
Garrett Popcorn Shops,,ORD,Chicago O'Hare
Gaslight Club,,ORD,Chicago O'Hare
Goose Island Beer Company,,ORD,Chicago O'Hare
Goose Island Pub,,ORD,Chicago O'Hare
Great American Bagel Company,,ORD,Chicago O'Hare
Green Market,,ORD,Chicago O'Hare
Home Run Inn Pizza,,ORD,Chicago O'Hare
Hub 51,,ORD,Chicago O'Hare
ICE Dishes & Drinks,,ORD,Chicago O'Hare
Jazz Bar,,ORD,Chicago O'Hare
La Tapenade Mediterranean Cafe,,ORD,Chicago O'Hare
Macaroni Grill,,ORD,Chicago O'Hare
Metropolis Coffee Company,,ORD,Chicago O'Hare
Nuts on Clark,,ORD,Chicago O'Hare
Nuts On Clark - Popcorn Vending,,ORD,Chicago O'Hare
O'Briens Restaurant & Bar,,ORD,Chicago O'Hare
Pepsi Vending,,ORD,Chicago O'Hare
Pronto Sandwiches,,ORD,Chicago O'Hare
Protein Bar and Kitchen,,ORD,Chicago O'Hare
Publican Quality Bread,,ORD,Chicago O'Hare
Publican Tavern,,ORD,Chicago O'Hare
R.J. Grunts Burgers & Fries,,ORD,Chicago O'Hare
Reggio's Chicago Style Pizza,,ORD,Chicago O'Hare
Rush Street Bar,,ORD,Chicago O'Hare
Salad Works,,ORD,Chicago O'Hare
Skybridge Bar & Grill,,ORD,Chicago O'Hare
Skyscrapers Bar,,ORD,Chicago O'Hare
Sports Edition Bar,,ORD,Chicago O'Hare
Stanley's Blackhawks Kitchen & Tap,,ORD,Chicago O'Hare
Summer House Santa Monica,,ORD,Chicago O'Hare
The Bronze Pizza,,ORD,Chicago O'Hare
The Bronze Tap,,ORD,Chicago O'Hare
The Dearborn,,ORD,Chicago O'Hare
The Goddess and Grocer,,ORD,Chicago O'Hare
The Hampton Social,,ORD,Chicago O'Hare
Tortas Frontera by Rick Bayless,,ORD,Chicago O'Hare
Tuscany Cafe,,ORD,Chicago O'Hare
Urban Olive,,ORD,Chicago O'Hare
Veteran Roasters/Brown Sugar Bakery,,ORD,Chicago O'Hare
Wicker Park Market,,ORD,Chicago O'Hare
Wicker Park Sushi Bar,,ORD,Chicago O'Hare
Café Nescafe,,CMB,Colombo Bandaranaike
Ex Tea,,CMB,Colombo Bandaranaike
Palm Strip Bar & Restaurant,,CMB,Colombo Bandaranaike
Relax Inn,,CMB,Colombo Bandaranaike
S.V.H. SNACKS,,CMB,Colombo Bandaranaike
2.0 Taco & Tequila Bar,,DFW,Dallas Fort Worth
Artisan Market,,DFW,Dallas Fort Worth
Boar's Head Deli,,DFW,Dallas Fort Worth
Brewed,,DFW,Dallas Fort Worth
Cake Bar,,DFW,Dallas Fort Worth
Cousin's Back Porch,,DFW,Dallas Fort Worth
Cousin's Bar-B-Q,,DFW,Dallas Fort Worth
CRU Food & Wine Bar,,DFW,Dallas Fort Worth
Dallas Cowboys Club,,DFW,Dallas Fort Worth
Dickey's Barbecue Pit,,DFW,Dallas Fort Worth
Drew Pearson's Sports 88,,DFW,Dallas Fort Worth
Flying Saucer Draught Emporium,,DFW,Dallas Fort Worth
Hickory,,DFW,Dallas Fort Worth
Hickory by Kent Rathbun,,DFW,Dallas Fort Worth
La Crème Coffee & Tea,,DFW,Dallas Fort Worth
Lorena Garcia Tapas y Cocina,,DFW,Dallas Fort Worth
Love Shack,,DFW,Dallas Fort Worth
Plum Market Bar,,DFW,Dallas Fort Worth
Sonny Bryan's Smokehouse,,DFW,Dallas Fort Worth
The Italian Kitchen by Wolfgang Puck,,DFW,Dallas Fort Worth
The Rodeo Bar,,DFW,Dallas Fort Worth
Trinity Groves Food Lockers,,DFW,Dallas Fort Worth
Trinity Groves Kitchen & Bar,,DFW,Dallas Fort Worth
Twisted Root,,DFW,Dallas Fort Worth
TX/MX,,DFW,Dallas Fort Worth
Uno Due Go,,DFW,Dallas Fort Worth
Whataburger,,DFW,Dallas Fort Worth
Whisk & Bowl,,DFW,Dallas Fort Worth
@café,,DEL,Delhi Indira Gandhi
Airr Toast,,DEL,Delhi Indira Gandhi
Bercos,,DEL,Delhi Indira Gandhi
Biryani Blues,,DEL,Delhi Indira Gandhi
Cafe Espresso,,DEL,Delhi Indira Gandhi
Caffe Tonino,,DEL,Delhi Indira Gandhi
Carnatic Café,,DEL,Delhi Indira Gandhi
Chaayos,,DEL,Delhi Indira Gandhi
Delhi Capitals,,DEL,Delhi Indira Gandhi
Dilli Streat,,DEL,Delhi Indira Gandhi
Dosa factory & Noodle,,DEL,Delhi Indira Gandhi
Flying Bites,,DEL,Delhi Indira Gandhi
Franks,,DEL,Delhi Indira Gandhi
Fresh & Healthy,,DEL,Delhi Indira Gandhi
Grab & Go,,DEL,Delhi Indira Gandhi
Gujrati Svado,,DEL,Delhi Indira Gandhi
Hatti Kappi,,DEL,Delhi Indira Gandhi
Hello Goodbye Bar,,DEL,Delhi Indira Gandhi
Ile Bar,,DEL,Delhi Indira Gandhi
Krispy Kreme Kiosk,,DEL,Delhi Indira Gandhi
Moti Mahal Deluxe,,DEL,Delhi Indira Gandhi
Mumbai Central,,DEL,Delhi Indira Gandhi
Nescafe,,DEL,Delhi Indira Gandhi
Network 18 Café,,DEL,Delhi Indira Gandhi
Noodle Wok,,DEL,Delhi Indira Gandhi
Papparoti,,DEL,Delhi Indira Gandhi
Punjabi Kulfi,,DEL,Delhi Indira Gandhi
Round D Clock,,DEL,Delhi Indira Gandhi
The Irish House,,DEL,Delhi Indira Gandhi
Theobroma,,DEL,Delhi Indira Gandhi
Aletitude,,DEN,Denver International
Aviano Coffee,,DEN,Denver International
Aviator's Sports Bar & Bar-B-Que,,DEN,Denver International
Bar Dough,,DEN,Denver International
Barista Bot Robotic Vending,,DEN,Denver International
Blue Sky Bar,,DEN,Denver International
Breckenridge Brewery,,DEN,Denver International
Brothers BBQ,,DEN,Denver International
Cantina Grill,,DEN,Denver International
Caribou Coffee,,DEN,Denver International
ChoLon Modern Asian,,DEN,Denver International
City Pho,,DEN,Denver International
City Wok,,DEN,Denver International
Colorado Collective Marketplace,,DEN,Denver International
Coors Silver Bullet Bar,,DEN,Denver International
Cru Wine Bar,,DEN,Denver International
D Bar,,DEN,Denver International
Dazbog Coffee,,DEN,Denver International
Denver Central Market,,DEN,Denver International
Denver Street Eats,,DEN,Denver International
El Chingon,,DEN,Denver International
Elway's,,DEN,Denver International
Elway's Taproom and Grill,,DEN,Denver International
Fat Sully's Pizza NY Pizza,,DEN,Denver International
Great Divide Brewing,,DEN,Denver International
Kabod Coffee,,DEN,Denver International
La Casita,,DEN,Denver International
Lavazza,,DEN,Denver International
Little Man Ice Cream,,DEN,Denver International
Marczyk Fine Foods,,DEN,Denver International
Maria Empanada,,DEN,Denver International
Mercantile Dining & Provision,,DEN,Denver International
Mizu Sushi Izakaya,,DEN,Denver International
Modern Market,,DEN,Denver International
Mr. Oso by Senor Bear,,DEN,Denver International
New Belgium Brewing,,DEN,Denver International
Novo Coffee,,DEN,Denver International
Olive & Finch Grab & Go,,DEN,Denver International
Osteria Marco,,DEN,Denver International
Root Down,,DEN,Denver International
Root Down DIA,,DEN,Denver International
Rosenberg's Bagels & Delicatessen,,DEN,Denver International
Salt & Grinder,,DEN,Denver International
Salt & Smoke,,DEN,Denver International
Santo,,DEN,Denver International
Slater's 50/50,,DEN,Denver International
SMASHBURGER & Bar,,DEN,Denver International
Snarf's Sandwiches,,DEN,Denver International
Snooze an A.M. Eatery,,DEN,Denver International
Steve's Snappin' Dogs,,DEN,Denver International
Sunset Loop Bar & Grill,,DEN,Denver International
Sunset Loop Market,,DEN,Denver International
Superfruit Republic,,DEN,Denver International
Tacos Tequila Whiskey,,DEN,Denver International
Tapas Sky Bar,,DEN,Denver International
Teatulia Tea & Coffee Bar,,DEN,Denver International
The Bagel Deli,,DEN,Denver International
The Bindery,,DEN,Denver International
The Magic Pan,,DEN,Denver International
Timber's,,DEN,Denver International
True Food Kitchen,,DEN,Denver International
Uncle,,DEN,Denver International
Williams & Graham,,DEN,Denver International
Woody Creek Bakery & Cafe,,DEN,Denver International
Airport Juice Bar,,DOH,Doha Hamad International
Airport Tandoor,,DOH,Doha Hamad International
Baladna,"Cafe, Dairy, Juices",DOH,Doha Hamad International
Baladna Express,"Café, Dairy, Juices",DOH,Doha Hamad International
Basta,"Qatari, Middle Eastern",DOH,Doha Hamad International
Burgeri,"Burgers, American",DOH,Doha Hamad International
Chac'late,"Chocolates, Café, Desserts",DOH,Doha Hamad International
Chapati & Karak,"Indian, Café, Street Food",DOH,Doha Hamad International
Daily Chef Noof,"Middle Eastern, Qatari",DOH,Doha Hamad International
Day2Day Eats,"International, Café",DOH,Doha Hamad International
EatGreek Kouzina,"Greek, Mediterranean",DOH,Doha Hamad International
Emporio Armani Ristorante,Italian,DOH,Doha Hamad International
Evergreen Organics,"Healthy, Organic, Café",DOH,Doha Hamad International
Flat White Specialty Coffee,"Coffee, Café",DOH,Doha Hamad International
FLO Café,"Greek, Coffee, Café",DOH,Doha Hamad International
Food Market,"International, Food Court",DOH,Doha Hamad International
Gordon Ramsay Burger,"Burgers, American, Gourmet",DOH,Doha Hamad International
Gordon Ramsay Street Pizza,"Pizza, Italian",DOH,Doha Hamad International
HARRODS TEA ROOM,"British, Tea Room, Café",DOH,Doha Hamad International
Jaipur,Indian,DOH,Doha Hamad International
JAMOCHA CAFÉ,"Coffee, Café",DOH,Doha Hamad International
Jones the Grocer Social,"Café, Gourmet, Restaurant",DOH,Doha Hamad International
Jwala,"Indian, Street Food",DOH,Doha Hamad International
La Brioche Dorée,"French, Bakery",DOH,Doha Hamad International
Last Call,"Bar, International",DOH,Doha Hamad International
Le Petit Camion,"French, Café",DOH,Doha Hamad International
Le Petite Belge,"Belgian, International",DOH,Doha Hamad International
Louis Vuitton Lounge,"Luxury, Café, French",DOH,Doha Hamad International
Maia Coffee & Chocolate,"Coffee, Chocolates, Café",DOH,Doha Hamad International
Orchard View,"International, Restaurant",DOH,Doha Hamad International
Oreo Café,"Desserts, Café",DOH,Doha Hamad International
Red Grill,"Steakhouse, Grill, International",DOH,Doha Hamad International
Remman Cafe,"Middle Eastern, Café",DOH,Doha Hamad International
Shawarma Station,"Middle Eastern, Street Food",DOH,Doha Hamad International
Slicy,"Pizza, Italian",DOH,Doha Hamad International
Snowflakes Ice Cream,"Ice Cream, Desserts",DOH,Doha Hamad International
Sweet Stop,"Sweets, Desserts, Café",DOH,Doha Hamad International
The Noodle Cart,"Asian, Noodles",DOH,Doha Hamad International
Usta,"Turkish, Kebab",DOH,Doha Hamad International
Work & Fly,"Café, Co-working",DOH,Doha Hamad International
Yum Cha,"Chinese, Dim Sum",DOH,Doha Hamad International
Al Baraka Restaurant,,DXB,Dubai International
Al Dahleez,,DXB,Dubai International
Al Hallab,,DXB,Dubai International
Al Musaharati,,DXB,Dubai International
Al Takia,,DXB,Dubai International
Amba restaurant,indian,DXB,Dubai International
Arajeel,,DXB,Dubai International
Ashrafi,,DXB,Dubai International
Ayyam Al Khair,,DXB,Dubai International
Bangalore Empire Restaurant - Qusais,indian,DXB,Dubai International
Baskin Robins,,DXB,Dubai International
Belad Al Sham Rest.,,DXB,Dubai International
Blue Elephant Restaurant,,DXB,Dubai International
Brummanah Restaurant and Cafe,,DXB,Dubai International
Cadiz,spanish,DXB,Dubai International
Caesars,,DXB,Dubai International
Camdem Food Co.,,DXB,Dubai International
Casa Mia,italian,DXB,Dubai International
Century Express,"indian, chinese, arabic",DXB,Dubai International
Chicken Tikke Inn,,DXB,Dubai International
Desi Village,,DXB,Dubai International
Dubai Surfing,,DXB,Dubai International
Eagle Al SAQR Restaurant,,DXB,Dubai International
Eat & Drink Restaurant,,DXB,Dubai International
Filli,tea,DXB,Dubai International
flour + stone,,DXB,Dubai International
Fruitzone,,DXB,Dubai International
Get Your FIX,coffee_shop,DXB,Dubai International
Ghewar Coffe Shop,,DXB,Dubai International
Golden Fork,,DXB,Dubai International
Golestan,,DXB,Dubai International
Hawaa Al Wedian,,DXB,Dubai International
Hayat,,DXB,Dubai International
India Palace,indian,DXB,Dubai International
Jack's Bar and Grill,,DXB,Dubai International
Jailbird,burger,DXB,Dubai International
Jalasat,,DXB,Dubai International
Kake Da Dhaba,indian,DXB,Dubai International
Karak,,DXB,Dubai International
Karakccino,,DXB,Dubai International
Kiku,japanese,DXB,Dubai International
Lebaneese,,DXB,Dubai International
Light Cafeteria,,DXB,Dubai International
Long Yin,chinese,DXB,Dubai International
M's Beef Bistro,steak,DXB,Dubai International
M's Seafood Bistro,seafood,DXB,Dubai International
Mareb Mandi,,DXB,Dubai International
Marhaba Mandi,,DXB,Dubai International
Mr Toads Pub & Kitchen,,DXB,Dubai International
Méridien Village Terrace,,DXB,Dubai International
New Defood Restaurant,,DXB,Dubai International
Nuevo,,DXB,Dubai International
Nutella,,DXB,Dubai International
Ponnusamy Restaurant,,DXB,Dubai International
Qaser Casablanca Cafe,,DXB,Dubai International
Quick Bite Restaurant,,DXB,Dubai International
Rawabina,,DXB,Dubai International
Restaurant,,DXB,Dubai International
Rosso Vivo Artizan Pizza,pizza,DXB,Dubai International
Sangeetha Vegetarian Restaurant,indian,DXB,Dubai International
Sayad Bahar,,DXB,Dubai International
Sewar,lebanese,DXB,Dubai International
Shater,,DXB,Dubai International
Smiling BKK (Thai),,DXB,Dubai International
St. Mia - Ristorante Italiano,italian,DXB,Dubai International
Sukhothai,thai,DXB,Dubai International
The Brick Wall Sports Bar,,DXB,Dubai International
The Daily - Urban Street Food,,DXB,Dubai International
The Dubliner's,,DXB,Dubai International
The Gin Garden,,DXB,Dubai International
The Irish Village,,DXB,Dubai International
Top Cafeteria,,DXB,Dubai International
Tranzeet,burger,DXB,Dubai International
Treehouse Juicery,,DXB,Dubai International
Warehouse,,DXB,Dubai International
World Cup,,DXB,Dubai International
Zafrana,,DXB,Dubai International
Arthur Guinness Bar,,DUB,Dublin Airport
Bewley's,,DUB,Dublin Airport
Bluebird Coffee Roasters,,DUB,Dublin Airport
Boxx,,DUB,Dublin Airport
Cibo,,DUB,Dublin Airport
Cloud Picker,,DUB,Dublin Airport
Cloud Picker - Gate 402,,DUB,Dublin Airport
Cloud Picker - Gate 409,,DUB,Dublin Airport
Cuan,,DUB,Dublin Airport
Dubh,,DUB,Dublin Airport
Dubh Express - Gate 417,,DUB,Dublin Airport
Fitzgeralds,,DUB,Dublin Airport
Food Village,,DUB,Dublin Airport
Fruitality,,DUB,Dublin Airport
Jump Juice,,DUB,Dublin Airport
Kimbok,,DUB,Dublin Airport
Lilian's,,DUB,Dublin Airport
Marqette,,DUB,Dublin Airport
Moo Parlour,,DUB,Dublin Airport
Nineteen40,,DUB,Dublin Airport
Nomad,,DUB,Dublin Airport
Phoenix Lane - Gate 424,,DUB,Dublin Airport
Phoenix Lane - South Gates,,DUB,Dublin Airport
Phoenix Lane Express - Gate 114,,DUB,Dublin Airport
Phoenix Lane Express - Gate 336,,DUB,Dublin Airport
Roasted Notes,,DUB,Dublin Airport
Ryan's,,DUB,Dublin Airport
San Marco,,DUB,Dublin Airport
Street Kitchen,,DUB,Dublin Airport
SuperSubs,,DUB,Dublin Airport
Tap & Brew,,DUB,Dublin Airport
The Fallow Kitchen & Bar,,DUB,Dublin Airport
The Garden Terrace,,DUB,Dublin Airport
The Gate Clock,,DUB,Dublin Airport
The Mezz,,DUB,Dublin Airport
The Reserve,,DUB,Dublin Airport
Whiskey Bread,,DUB,Dublin Airport
Anton & Anni,,FRA,Frankfurt Airport
Asia Street Cooking,,FRA,Frankfurt Airport
Bean Love,,FRA,Frankfurt Airport
Best Worscht in Town,,FRA,Frankfurt Airport
Bistrot Frankfurt Airport,,FRA,Frankfurt Airport
Bistrot Snack Bar,,FRA,Frankfurt Airport
"Brewgate - Coffee, Beer & Bites",,FRA,Frankfurt Airport
Brot by Axel Schmitt,,FRA,Frankfurt Airport
Ciao Italia,,FRA,Frankfurt Airport
Daily Deli,,FRA,Frankfurt Airport
DELI BROS,,FRA,Frankfurt Airport
EL&N London,,FRA,Frankfurt Airport
Falconi's,,FRA,Frankfurt Airport
Goethe Bar,,FRA,Frankfurt Airport
Goodman & Filippo,,FRA,Frankfurt Airport
Haferkater,,FRA,Frankfurt Airport
Hausmann's,,FRA,Frankfurt Airport
Hausmann's Bar (To Go) by Tim Mälzer,,FRA,Frankfurt Airport
Hausmann's Restaurant (by Tim Mälzer),,FRA,Frankfurt Airport
Heberer Traditional Bakery,,FRA,Frankfurt Airport
Heberer's Traditional Bakery,,FRA,Frankfurt Airport
Hermann's,,FRA,Frankfurt Airport
Hermann's Mobile,,FRA,Frankfurt Airport
Hucks Lieblingsplatz,,FRA,Frankfurt Airport
Kamps,,FRA,Frankfurt Airport
Kosher food,,FRA,Frankfurt Airport
Le Crogbag,,FRA,Frankfurt Airport
Lucullus Nero,,FRA,Frankfurt Airport
Main Bissen,,FRA,Frankfurt Airport
Manga Sushi,,FRA,Frankfurt Airport
Meyer Deli Coffee Kitchen,,FRA,Frankfurt Airport
Minibar,,FRA,Frankfurt Airport
MONDO Bar,,FRA,Frankfurt Airport
MONDO Restaurant,,FRA,Frankfurt Airport
NENI Deli,,FRA,Frankfurt Airport
Origin Bar & Eatery,,FRA,Frankfurt Airport
perfect day,,FRA,Frankfurt Airport
perfect day micro,,FRA,Frankfurt Airport
Pezzo di Pane,,FRA,Frankfurt Airport
QUICKER's,,FRA,Frankfurt Airport
Superfood,,FRA,Frankfurt Airport
The Bar,,FRA,Frankfurt Airport
Thong Thai,,FRA,Frankfurt Airport
Trib's,,FRA,Frankfurt Airport
Zigolini,,FRA,Frankfurt Airport
ÜberQuell,,FRA,Frankfurt Airport
Dicos,chicken,CAN,Guangzhou Baiyun
Guangzhou Restaurant,chinese,CAN,Guangzhou Baiyun
Ji Xiang Hun Tun,chinese,CAN,Guangzhou Baiyun
Lanzhou Noodles,noodles,CAN,Guangzhou Baiyun
Lao Guang Ji,chinese,CAN,Guangzhou Baiyun
Lok Tao,chinese,CAN,Guangzhou Baiyun
Master Kong / Meetrice,chinese,CAN,Guangzhou Baiyun
Pacific Coffee,coffee_shop,CAN,Guangzhou Baiyun
Peter Steak House,steak,CAN,Guangzhou Baiyun
Tao Tao Ju,chinese,CAN,Guangzhou Baiyun
Way Yu Lau,chinese,CAN,Guangzhou Baiyun
Xiao Noodles,noodles,CAN,Guangzhou Baiyun
2 Cafe,,HKG,Hong Kong International
A-1 Bakery Express,,HKG,Hong Kong International
Bari-Uma (霸嗎拉麵),ramen,HKG,Hong Kong International
BOWL,,HKG,Hong Kong International
can.teen,,HKG,Hong Kong International
Cha Chaan by KAM FAT CAFÉ 1986,hong_kong,HKG,Hong Kong International
Cupping Room Coffee Roasters,coffee_shop,HKG,Hong Kong International
Duddell's,chinese,HKG,Hong Kong International
"Emmer Pizza, Bar & Cafe",pizza,HKG,Hong Kong International
FINEPRINT,coffee_shop,HKG,Hong Kong International
GELATO COMBO,ice_cream,HKG,Hong Kong International
Gordon Ramsay Plane Food To Go,,HKG,Hong Kong International
Gourmet Focus Group,,HKG,Hong Kong International
hana-musubi,japanese,HKG,Hong Kong International
Ho Fan Ho Sung,chinese,HKG,Hong Kong International
Ho Hung Kee,chinese,HKG,Hong Kong International
HUNG FOOK TONG,,HKG,Hong Kong International
Hung's Delicacies,chinese,HKG,Hong Kong International
INTERVALS Sky Bar & Restaurant,,HKG,Hong Kong International
Jardin de Jade,chinese,HKG,Hong Kong International
Joy Full House,chinese,HKG,Hong Kong International
KING BAKERY,,HKG,Hong Kong International
Konjiki Hototogisu,ramen,HKG,Hong Kong International
Lady M New York,,HKG,Hong Kong International
Lime Garden (Sky)+,,HKG,Hong Kong International
Master Hung,chinese,HKG,Hong Kong International
Men Wah Bing Teng,hong_kong,HKG,Hong Kong International
Milk Cafe,,HKG,Hong Kong International
Nap Tea,tea,HKG,Hong Kong International
Nippon Ramen,ramen,HKG,Hong Kong International
nodi,,HKG,Hong Kong International
nodi | Moleskine,,HKG,Hong Kong International
NUTTEA,tea,HKG,Hong Kong International
Orchid Padaria Café Express,,HKG,Hong Kong International
THE ALCHEMIST CAFE,,HKG,Hong Kong International
The Forest Bakery,,HKG,Hong Kong International
Tong Kee Bao Dim,dim_sum,HKG,Hong Kong International
Ufufu Cafe,japanese,HKG,Hong Kong International
Urban Coffee Roaster,coffee_shop,HKG,Hong Kong International
Yukimura,japanese,HKG,Hong Kong International
Yung Kee,chinese,HKG,Hong Kong International
Alchemy Cocktail Lounge,,IAH,Houston George Bush
Bam Bam,,IAH,Houston George Bush
Bayou City Bar,,IAH,Houston George Bush
Bullritos,,IAH,Houston George Bush
Byte: Fresh Grab and Go Meals,,IAH,Houston George Bush
Cadillac Mexican Kitchen & Tequila Bar,,IAH,Houston George Bush
City Crepes,,IAH,Houston George Bush
Forno Magico Neapolitan Pizza,,IAH,Houston George Bush
George's International Market,,IAH,Houston George Bush
Green Mango,,IAH,Houston George Bush
Harvest Table,,IAH,Houston George Bush
Hubcap Grill & Beer Yard,,IAH,Houston George Bush
Q Bar,,IAH,Houston George Bush
Sugarland Beer Garden,,IAH,Houston George Bush
Tagliare,,IAH,Houston George Bush
The Breakfast Klub,,IAH,Houston George Bush
The Craft Beer Garden,,IAH,Houston George Bush
The Great American Bagel,,IAH,Houston George Bush
The Market by Villa,,IAH,Houston George Bush
The Rail,,IAH,Houston George Bush
Avenue Bistro Bar,,IST,Istanbul Airport
Backhaus,,IST,Istanbul Airport
Bi Bar,,IST,Istanbul Airport
Bi Coffee,,IST,Istanbul Airport
Bi Coffee & Bi Bar,,IST,Istanbul Airport
Bite,,IST,Istanbul Airport
Bottega Bosphorus,,IST,Istanbul Airport
Brewmark,,IST,Istanbul Airport
Cafe Yanımda,,IST,Istanbul Airport
Carls Cafe,,IST,Istanbul Airport
Carluccio's Bar,,IST,Istanbul Airport
Chocnette,,IST,Istanbul Airport
Cuisine Anatolia,turkish,IST,Istanbul Airport
Cups & Clouds,coffee_shop,IST,Istanbul Airport
Deli Aux Pain,,IST,Istanbul Airport
Eat & Joy,,IST,Istanbul Airport
Enva,,IST,Istanbul Airport
gram,,IST,Istanbul Airport
HD Döner,kebab,IST,Istanbul Airport
HighBorn Coffee,coffee_shop,IST,Istanbul Airport
Jackie's,,IST,Istanbul Airport
Kaimakk,,IST,Istanbul Airport
Komyuniti Bar & Restaurant,,IST,Istanbul Airport
Loba Coffee,,IST,Istanbul Airport
Mood Up,,IST,Istanbul Airport
mvnch,,IST,Istanbul Airport
Obica,italian,IST,Istanbul Airport
Paşa Döner,kebab,IST,Istanbul Airport
Pidem,,IST,Istanbul Airport
Pizzeria Enzo,pizza,IST,Istanbul Airport
Refresh,,IST,Istanbul Airport
Rey Food & Drink,,IST,Istanbul Airport
Rey Organic,,IST,Istanbul Airport
Seferi,,IST,Istanbul Airport
The Gang Foods,,IST,Istanbul Airport
The House Cafe,,IST,Istanbul Airport
Tickerdaze,,IST,Istanbul Airport
TRT World Cafe,,IST,Istanbul Airport
Via Bakery,,IST,Istanbul Airport
Via Fıçı,,IST,Istanbul Airport
Via Kiosk,,IST,Istanbul Airport
Vivanda Burger,burger,IST,Istanbul Airport
Çay Saati,,IST,Istanbul Airport
Aircraft Brewers,,JNB,Johannesburg OR Tambo
Brittans,,JNB,Johannesburg OR Tambo
Byte Restaurant,,JNB,Johannesburg OR Tambo
Capello,,JNB,Johannesburg OR Tambo
Chocolate,,JNB,Johannesburg OR Tambo
Cosmic Candy,,JNB,Johannesburg OR Tambo
Delione,,JNB,Johannesburg OR Tambo
Dough & Co,,JNB,Johannesburg OR Tambo
Europa,,JNB,Johannesburg OR Tambo
Home of Joe,,JNB,Johannesburg OR Tambo
Jacksons Republic,,JNB,Johannesburg OR Tambo
Lucky Bread,,JNB,Johannesburg OR Tambo
Piece a Pizza,,JNB,Johannesburg OR Tambo
Sweets on the Go,,JNB,Johannesburg OR Tambo
The Sweet Shop,,JNB,Johannesburg OR Tambo
TJT Snack Bar,,JNB,Johannesburg OR Tambo
Vida e Cafe,,JNB,Johannesburg OR Tambo
Wimpey,,JNB,Johannesburg OR Tambo
ABC Kitchen,,KUL,Kuala Lumpur International
Avian Grab & Fly,,KUL,Kuala Lumpur International
CAFE LOKA LOKA,,KUL,Kuala Lumpur International
CBTL,,KUL,Kuala Lumpur International
Chef Wan Petite,,KUL,Kuala Lumpur International
Flight Club,,KUL,Kuala Lumpur International
Flight Club Signature,,KUL,Kuala Lumpur International
Gloria Jeans,,KUL,Kuala Lumpur International
Grandmamas,,KUL,Kuala Lumpur International
Jamie Oliver Pizzeria,,KUL,Kuala Lumpur International
Jibby Chow,,KUL,Kuala Lumpur International
Kitchen Open House,,KUL,Kuala Lumpur International
Noooodle,,KUL,Kuala Lumpur International
O'briens,,KUL,Kuala Lumpur International
ORIENTAL KOPI,,KUL,Kuala Lumpur International
QUEEN COFFEE & MEALS,,KUL,Kuala Lumpur International
Sense of Malaysia - Kueh Kita,,KUL,Kuala Lumpur International
Serai,,KUL,Kuala Lumpur International
Singgah,,KUL,Kuala Lumpur International
Snek & Co,,KUL,Kuala Lumpur International
The Coffee Beans,,KUL,Kuala Lumpur International
The Loaf,,KUL,Kuala Lumpur International
Dodo Pizza,pizza,LOS,Lagos Murtala Muhammed
Scoop'd,ice_cream,LOS,Lagos Murtala Muhammed
So Fresh,salad,LOS,Lagos Murtala Muhammed
Toasties,,LOS,Lagos Murtala Muhammed
Barney's Lounge,,LAS,Las Vegas Harry Reid
BRB Boba Tea,,LAS,Las Vegas Harry Reid
Crafted Bar,,LAS,Las Vegas Harry Reid
Esplanade Bar,,LAS,Las Vegas Harry Reid
Espresso Urbano by Sambalatte,,LAS,Las Vegas Harry Reid
Full Bar,,LAS,Las Vegas Harry Reid
Gaming Lounge,,LAS,Las Vegas Harry Reid
Jose Cuervo Tequileria,,LAS,Las Vegas Harry Reid
Koi Kitchen,,LAS,Las Vegas Harry Reid
LAS MKT,,LAS,Las Vegas Harry Reid
Lucky Streak Cocktail Lounge,,LAS,Las Vegas Harry Reid
Metro Pizza,,LAS,Las Vegas Harry Reid
Modelo Cantina,,LAS,Las Vegas Harry Reid
PGA TO GO,,LAS,Las Vegas Harry Reid
PGA Tour Grill,,LAS,Las Vegas Harry Reid
Poke Poke,,LAS,Las Vegas Harry Reid
Port of Subs/Mrs. Fields,,LAS,Las Vegas Harry Reid
Rachel's Kitchen,,LAS,Las Vegas Harry Reid
Sammy's Beach Bar & Grill,,LAS,Las Vegas Harry Reid
Sammy's Woodfired Pizza,,LAS,Las Vegas Harry Reid
Snack Shack,,LAS,Las Vegas Harry Reid
Tacos Locos,,LAS,Las Vegas Harry Reid
Tequileria Grille,,LAS,Las Vegas Harry Reid
The B Lounge,,LAS,Las Vegas Harry Reid
The Great American Bagel Bakery,,LAS,Las Vegas Harry Reid
Vegas Baby Bar,,LAS,Las Vegas Harry Reid
Vending Machine - M&Ms,,LAS,Las Vegas Harry Reid
Villa Fresh Italian Kitchen,,LAS,Las Vegas Harry Reid
Bodegon,,LIM,Lima Jorge Chávez
Burger Boy,burger,LIM,Lima Jorge Chávez
Callao,,LIM,Lima Jorge Chávez
Copper,,LIM,Lima Jorge Chávez
Delicass,,LIM,Lima Jorge Chávez
KO,,LIM,Lima Jorge Chávez
La Bonbonniere,,LIM,Lima Jorge Chávez
La Lucha,,LIM,Lima Jorge Chávez
Las Reyes,,LIM,Lima Jorge Chávez
Las Reyes Swing,,LIM,Lima Jorge Chávez
Listo,,LIM,Lima Jorge Chávez
Pan Sal Aire,,LIM,Lima Jorge Chávez
Papacho's,burger,LIM,Lima Jorge Chávez
Pardos Chicken,chicken,LIM,Lima Jorge Chávez
Perusuyo,peruvian,LIM,Lima Jorge Chávez
Puku Puku,,LIM,Lima Jorge Chávez
Sakamoto,japanese,LIM,Lima Jorge Chávez
Tanta,peruvian,LIM,Lima Jorge Chávez
Tanta To Go,peruvian,LIM,Lima Jorge Chávez
Tori,,LIM,Lima Jorge Chávez
Wok to Gate,asian,LIM,Lima Jorge Chávez
Cockpit,,LIS,Lisbon Humberto Delgado
Cockpit Coffee Shop,,LIS,Lisbon Humberto Delgado
Confeitaria Nacional,,LIS,Lisbon Humberto Delgado
Delta Café,,LIS,Lisbon Humberto Delgado
Delta Café Central,,LIS,Lisbon Humberto Delgado
Dots Bakery,,LIS,Lisbon Humberto Delgado
First Café,,LIS,Lisbon Humberto Delgado
First Class Café,,LIS,Lisbon Humberto Delgado
Go Natural,,LIS,Lisbon Humberto Delgado
Go To Café,,LIS,Lisbon Humberto Delgado
Heineken Grand Café,,LIS,Lisbon Humberto Delgado
Hédiard,,LIS,Lisbon Humberto Delgado
Ice Cream & Flowers,,LIS,Lisbon Humberto Delgado
Just Arrived,,LIS,Lisbon Humberto Delgado
La Pausa Self Service,,LIS,Lisbon Humberto Delgado
My Bistro,,LIS,Lisbon Humberto Delgado
My Bistro Coffee & Drinks,,LIS,Lisbon Humberto Delgado
Nespresso,,LIS,Lisbon Humberto Delgado
O Mercado,,LIS,Lisbon Humberto Delgado
Padaria Lisboa,,LIS,Lisbon Humberto Delgado
Pane & Cuore,,LIS,Lisbon Humberto Delgado
Pastelaria Versailles,,LIS,Lisbon Humberto Delgado
Soho,,LIS,Lisbon Humberto Delgado
Specially,,LIS,Lisbon Humberto Delgado
Big Smoke,,LGW,London Gatwick
GAIL's,,LGW,London Gatwick
Juniper & Co,,LGW,London Gatwick
Pure,,LGW,London Gatwick
Sonoma,,LGW,London Gatwick
South Downs Bar,,LGW,London Gatwick
Sussex House,,LGW,London Gatwick
The Beehive,,LGW,London Gatwick
The Breakfast Club,,LGW,London Gatwick
The Flying Horse,,LGW,London Gatwick
The Red Lion,,LGW,London Gatwick
Wondertree,,LGW,London Gatwick
Aura Bar,,LHR,London Heathrow
Co-Pilots,,LHR,London Heathrow
Fortnum & Mason Bar,,LHR,London Heathrow
Gordon Ramsay Plane Food Market,,LHR,London Heathrow
Le Cafe Louis Vuitton,,LHR,London Heathrow
London's Pride by Fullers,,LHR,London Heathrow
Pilots Bar and Kitchen,,LHR,London Heathrow
Shan Shui,chinese,LHR,London Heathrow
Star Light,,LHR,London Heathrow
The Crown Rivers Wetherspoon,,LHR,London Heathrow
The Curator,,LHR,London Heathrow
The Evergreen Bar and Restaurant,,LHR,London Heathrow
The Globe,,LHR,London Heathrow
The Oceanic,,LHR,London Heathrow
The Queen's Arms,,LHR,London Heathrow
The Vinery,,LHR,London Heathrow
Wild Olive,,LHR,London Heathrow
YO!,,LHR,London Heathrow
800 Degrees Pizza,pizza,LAX,Los Angeles International
Ace Cerveceria & Tacos,mexican,LAX,Los Angeles International
Betcha Burgers & Bar,burger,LAX,Los Angeles International
Border Grill,,LAX,Los Angeles International
Chicken Guy,chicken,LAX,Los Angeles International
Coffee Bean & Tea Leaf,coffee_shop,LAX,Los Angeles International
Double Smash,burger,LAX,Los Angeles International
Engine,,LAX,Los Angeles International
Fat Sal's,,LAX,Los Angeles International
Fresh Brothers,,LAX,Los Angeles International
Homeboy Cafe,,LAX,Los Angeles International
Ink Sack,sandwich,LAX,Los Angeles International
Kentucky Fried Chicken,chicken,LAX,Los Angeles International
Navarre,,LAX,Los Angeles International
Pick Up Stix,asian,LAX,Los Angeles International
Pizza Please,pizza,LAX,Los Angeles International
Rolling Stone,,LAX,Los Angeles International
Sammy's Woodfired Pizza & Grill,pizza,LAX,Los Angeles International
Santa Monica Brew Works,,LAX,Los Angeles International
The Counter,burger,LAX,Los Angeles International
The Playa Cafe,,LAX,Los Angeles International
Wahoo's Fish Taco,"seafood, mexican",LAX,Los Angeles International
Aloha,,MAD,Madrid Barajas
Arzábal,,MAD,Madrid Barajas
Balbisiana,,MAD,Madrid Barajas
Bareto,,MAD,Madrid Barajas
Beher,,MAD,Madrid Barajas
Betelsweet,,MAD,Madrid Barajas
Bottega Prosecco Bar & Caffè,,MAD,Madrid Barajas
Café Pans,,MAD,Madrid Barajas
Cañas y Tapas - Café Pans,,MAD,Madrid Barajas
Central Café,,MAD,Madrid Barajas
Chia,,MAD,Madrid Barajas
Chök,,MAD,Madrid Barajas
Coffee Republic,,MAD,Madrid Barajas
Corner by Real Madrid,,MAD,Madrid Barajas
Dehesa Santa María,,MAD,Madrid Barajas
Deliquo,,MAD,Madrid Barajas
Enrique Tomás experience,,MAD,Madrid Barajas
Farine,,MAD,Madrid Barajas
Flax & Kale,,MAD,Madrid Barajas
Foodies,,MAD,Madrid Barajas
Hungry Club,,MAD,Madrid Barajas
Kabuki,,MAD,Madrid Barajas
La Barra de la Bientirada,,MAD,Madrid Barajas
La Bientirada,,MAD,Madrid Barajas
La Bottega del Tartufo,,MAD,Madrid Barajas
La Chinata,,MAD,Madrid Barajas
La Jamonería,,MAD,Madrid Barajas
Le Coq,,MAD,Madrid Barajas
Levadura madre,,MAD,Madrid Barajas
Madrí,,MAD,Madrid Barajas
MasQMenos,,MAD,Madrid Barajas
Moscovitas,,MAD,Madrid Barajas
Oliva & Bellota,,MAD,Madrid Barajas
On your way,,MAD,Madrid Barajas
Pannus,,MAD,Madrid Barajas
Pura Brasa,,MAD,Madrid Barajas
RODILLA,,MAD,Madrid Barajas
Santa Gloria,,MAD,Madrid Barajas
Sibarium,,MAD,Madrid Barajas
Take Away,,MAD,Madrid Barajas
Torrons Vicens,,MAD,Madrid Barajas
Tutti Frutti,,MAD,Madrid Barajas
Viandas,,MAD,Madrid Barajas
1903 Lounge,,MAN,Manchester Airport
1903 Lounge (T3),,MAN,Manchester Airport
Amber Alehouse,,MAN,Manchester Airport
Apiary,,MAN,Manchester Airport
Archie's,,MAN,Manchester Airport
Escape Lounge,,MAN,Manchester Airport
Escape Lounge (T3),,MAN,Manchester Airport
Fever-Tree Cocktail & Champagne Bar,,MAN,Manchester Airport
Great Northern Market,,MAN,Manchester Airport
Grindsmith,,MAN,Manchester Airport
Pasta Evangelists,,MAN,Manchester Airport
Pot Kettle Black,,MAN,Manchester Airport
San Carlo,,MAN,Manchester Airport
Sporting Chance,,MAN,Manchester Airport
The Bridgewater Exchange,,MAN,Manchester Airport
The Evergreen Bar and Brasserie,,MAN,Manchester Airport
The Nook,,MAN,Manchester Airport
Acacia Tree Café,,MNL,Manila Ninoy Aquino
Air Cargo Food Kiosk,,MNL,Manila Ninoy Aquino
Airport Café,,MNL,Manila Ninoy Aquino
Anika,,MNL,Manila Ninoy Aquino
Aristocrat,,MNL,Manila Ninoy Aquino
Army Navy,,MNL,Manila Ninoy Aquino
Banapple,,MNL,Manila Ninoy Aquino
Bebang,,MNL,Manila Ninoy Aquino
Blue Smith,,MNL,Manila Ninoy Aquino
Bo'S Coffee,,MNL,Manila Ninoy Aquino
Busgate Goodies,,MNL,Manila Ninoy Aquino
But First Coffee,,MNL,Manila Ninoy Aquino
Caffexpress,,MNL,Manila Ninoy Aquino
Café Park & Stop,,MNL,Manila Ninoy Aquino
Café Tee Ree Ya,,MNL,Manila Ninoy Aquino
Casa Daza,,MNL,Manila Ninoy Aquino
Chowking,,MNL,Manila Ninoy Aquino
Conti'S,,MNL,Manila Ninoy Aquino
Cozy Kitchen,,MNL,Manila Ninoy Aquino
Divalicious By The Lechon Diva,,MNL,Manila Ninoy Aquino
Drip Tea,,MNL,Manila Ninoy Aquino
Ella Robot Coffee,,MNL,Manila Ninoy Aquino
Estrels,,MNL,Manila Ninoy Aquino
Fruitas,,MNL,Manila Ninoy Aquino
Ginebra San Miguel Spirits,,MNL,Manila Ninoy Aquino
Global Topps & Noodles,,MNL,Manila Ninoy Aquino
Goto King,,MNL,Manila Ninoy Aquino
Great Mann Hann,,MNL,Manila Ninoy Aquino
Henlin,,MNL,Manila Ninoy Aquino
Ka Tunying,,MNL,Manila Ninoy Aquino
Ka Tunying'S,,MNL,Manila Ninoy Aquino
Ka Tunying'S Café,,MNL,Manila Ninoy Aquino
Kaishu Rice & Noodles Express,,MNL,Manila Ninoy Aquino
Kape Manila,,MNL,Manila Ninoy Aquino
Kenny Rogers,,MNL,Manila Ninoy Aquino
Kenny Rogers Roasters,,MNL,Manila Ninoy Aquino
L.A Chicks,,MNL,Manila Ninoy Aquino
Le Amoretto,,MNL,Manila Ninoy Aquino
Little Flour,,MNL,Manila Ninoy Aquino
Mama Lou'S,,MNL,Manila Ninoy Aquino
Mamak,,MNL,Manila Ninoy Aquino
Mary Grace Café,,MNL,Manila Ninoy Aquino
Master Siomai,,MNL,Manila Ninoy Aquino
Mempci Coop,,MNL,Manila Ninoy Aquino
Muhlach Ensaymada,,MNL,Manila Ninoy Aquino
Nanyang,,MNL,Manila Ninoy Aquino
Nono'S Comfort Kitchen & Bakery,,MNL,Manila Ninoy Aquino
Palm Grill,,MNL,Manila Ninoy Aquino
Pan De Coco Diner,,MNL,Manila Ninoy Aquino
Pho Hoa,,MNL,Manila Ninoy Aquino
Piazza Café & Bar Tnp,,MNL,Manila Ninoy Aquino
Purefoods Street Sarap,,MNL,Manila Ninoy Aquino
Racks / Tenya,,MNL,Manila Ninoy Aquino
Sans Rival,,MNL,Manila Ninoy Aquino
Seattles Best Coffee,,MNL,Manila Ninoy Aquino
Serenitea,,MNL,Manila Ninoy Aquino
Siomai King,,MNL,Manila Ninoy Aquino
Sweet Ideas,,MNL,Manila Ninoy Aquino
Tapa King,,MNL,Manila Ninoy Aquino
Treats - Tinapay Ni Nanay,,MNL,Manila Ninoy Aquino
Tsim Sha Tsui,,MNL,Manila Ninoy Aquino
Ucc Mentore,,MNL,Manila Ninoy Aquino
Watami,,MNL,Manila Ninoy Aquino
AFL Kitchen & Bar,,MEL,Melbourne Airport
Airo Restaurant - ParkRoyal,,MEL,Melbourne Airport
Axil Coffee Roasters,,MEL,Melbourne Airport
Bar Pulpo by Movida,,MEL,Melbourne Airport
Biggie Smalls,,MEL,Melbourne Airport
Boccata Restaurant and Wine Bar,,MEL,Melbourne Airport
Bridge Road Brewers,,MEL,Melbourne Airport
Brunetti Classico,,MEL,Melbourne Airport
Bà Xã,,MEL,Melbourne Airport
Cafe Sol,,MEL,Melbourne Airport
Coffee Capital,,MEL,Melbourne Airport
Croissant Lab,,MEL,Melbourne Airport
Daniel's Donuts,,MEL,Melbourne Airport
Dumpling Co,,MEL,Melbourne Airport
EARL Canteen,,MEL,Melbourne Airport
Flat Chat Espresso & Bar,,MEL,Melbourne Airport
Go! Espresso and Bar,,MEL,Melbourne Airport
Grill'd Healthy Burgers,,MEL,Melbourne Airport
Hanna's Cafe,,MEL,Melbourne Airport
Icons Victoria,,MEL,Melbourne Airport
Little Lygon,,MEL,Melbourne Airport
Little Melbourne,,MEL,Melbourne Airport
Liv Eat Healthy Eating,,MEL,Melbourne Airport
Mezze Za Za,,MEL,Melbourne Airport
Nathan Rd Asian Kitchen,,MEL,Melbourne Airport
Noodles XO,,MEL,Melbourne Airport
Pickett's Deli & Rotisserie,,MEL,Melbourne Airport
Pizza Al Taglio,,MEL,Melbourne Airport
Quikshots,,MEL,Melbourne Airport
Roll'd Vietnamese,,MEL,Melbourne Airport
Rustica,,MEL,Melbourne Airport
Salsas Fresh Mex,,MEL,Melbourne Airport
Schnitz,,MEL,Melbourne Airport
Small Holdings,,MEL,Melbourne Airport
ST. ALi,,MEL,Melbourne Airport
Stomping Ground Brewery,,MEL,Melbourne Airport
Sushi Jiro,,MEL,Melbourne Airport
The Cellar Bar & Bistro,,MEL,Melbourne Airport
The Chocolate Box,,MEL,Melbourne Airport
The Local Taphouse,,MEL,Melbourne Airport
The Pelican,,MEL,Melbourne Airport
Think Asia,,MEL,Melbourne Airport
Two Johns Taphouse,,MEL,Melbourne Airport
Urban Provodore,,MEL,Melbourne Airport
Veneziano Coffee Roasters,,MEL,Melbourne Airport
WH Smith Australia,,MEL,Melbourne Airport
Wine Selectors,,MEL,Melbourne Airport
100% Natural,,MEX,Mexico City Benito Juárez
100°C Fresco y Mexicano,,MEX,Mexico City Benito Juárez
7 Eleven,,MEX,Mexico City Benito Juárez
Baron Rojo,,MEX,Mexico City Benito Juárez
Café Punta del Cielo,,MEX,Mexico City Benito Juárez
Casa Ávila,,MEX,Mexico City Benito Juárez
Chilim Balam,,MEX,Mexico City Benito Juárez
China King,,MEX,Mexico City Benito Juárez
CIRCULO K,,MEX,Mexico City Benito Juárez
Cucara Macara,,MEX,Mexico City Benito Juárez
Cup Stop,,MEX,Mexico City Benito Juárez
Deli&Cia Daily Smart Food,,MEX,Mexico City Benito Juárez
DINO Snack Bar & Fast Food,,MEX,Mexico City Benito Juárez
Dotcom,,MEX,Mexico City Benito Juárez
El Alcatraz,,MEX,Mexico City Benito Juárez
El Café Bar,,MEX,Mexico City Benito Juárez
El Fogoncito,,MEX,Mexico City Benito Juárez
El Globo,,MEX,Mexico City Benito Juárez
El Gran Pastor,,MEX,Mexico City Benito Juárez
Farolito,,MEX,Mexico City Benito Juárez
Fly By Wings,,MEX,Mexico City Benito Juárez
Garabatos,,MEX,Mexico City Benito Juárez
Gino's,,MEX,Mexico City Benito Juárez
Helados Santa Clara,,MEX,Mexico City Benito Juárez
Italiannis,,MEX,Mexico City Benito Juárez
Ke Rico,,MEX,Mexico City Benito Juárez
La Baguetelle,,MEX,Mexico City Benito Juárez
La Buena Tierra,,MEX,Mexico City Benito Juárez
La Cachondita Pibil,,MEX,Mexico City Benito Juárez
La Masion,,MEX,Mexico City Benito Juárez
La Taba,,MEX,Mexico City Benito Juárez
La Taba Express,,MEX,Mexico City Benito Juárez
La Taba Sport Bar,,MEX,Mexico City Benito Juárez
La Vieja Molienda,,MEX,Mexico City Benito Juárez
Maison Kayser,,MEX,Mexico City Benito Juárez
Nagaoka,,MEX,Mexico City Benito Juárez
OXXO,,MEX,Mexico City Benito Juárez
Pasión del Cielo,,MEX,Mexico City Benito Juárez
Picard,,MEX,Mexico City Benito Juárez
Pick & Joy,,MEX,Mexico City Benito Juárez
Pizza Bar,,MEX,Mexico City Benito Juárez
Potzollcalli,,MEX,Mexico City Benito Juárez
Pronto Gino's,,MEX,Mexico City Benito Juárez
Salute,,MEX,Mexico City Benito Juárez
Salute MX,,MEX,Mexico City Benito Juárez
Semillero,,MEX,Mexico City Benito Juárez
Tacañon,,MEX,Mexico City Benito Juárez
Taco Inn,,MEX,Mexico City Benito Juárez
Tasca Don Quino,,MEX,Mexico City Benito Juárez
Tere Cazola,,MEX,Mexico City Benito Juárez
Terraza MX,,MEX,Mexico City Benito Juárez
The Urban Deli & Café,,MEX,Mexico City Benito Juárez
Tortas Don Polo,,MEX,Mexico City Benito Juárez
Urban Corner,,MEX,Mexico City Benito Juárez
Wings,,MEX,Mexico City Benito Juárez
Xocolia,,MEX,Mexico City Benito Juárez
305 Pizza,,MIA,Miami International
Au Bon Pain,,MIA,Miami International
Café La Carreta,,MIA,Miami International
Café Versailles,,MIA,Miami International
Chef Creole,,MIA,Miami International
Chefs of the Caribbean,,MIA,Miami International
Estefan Kitchen Express,,MIA,Miami International
Famous Famiglia,,MIA,Miami International
Farm2Air Market,,MIA,Miami International
Farmair's Café,,MIA,Miami International
Fig & Fennel,,MIA,Miami International
Gilbert's Food Bar (Post-Security),,MIA,Miami International
Jackson Soul Food,,MIA,Miami International
La Carreta,,MIA,Miami International
La Colombe & The Great Bagel,,MIA,Miami International
Maestro Della Pizza,,MIA,Miami International
Misha's Cupcakes,,MIA,Miami International
Sergio's GO,,MIA,Miami International
Sushi Maki,,MIA,Miami International
Aj 1881,,BOM,Mumbai Chhatrapati Shivaji
All Good Deli,,BOM,Mumbai Chhatrapati Shivaji
Amcha Katta,,BOM,Mumbai Chhatrapati Shivaji
Amreli,,BOM,Mumbai Chhatrapati Shivaji
Amul Ice Cream Lounge,,BOM,Mumbai Chhatrapati Shivaji
Asia 7,,BOM,Mumbai Chhatrapati Shivaji
Baker Street,,BOM,Mumbai Chhatrapati Shivaji
Balaji,,BOM,Mumbai Chhatrapati Shivaji
Bar Fly,,BOM,Mumbai Chhatrapati Shivaji
Bira 91 Taproom,,BOM,Mumbai Chhatrapati Shivaji
Black Dog Bar,,BOM,Mumbai Chhatrapati Shivaji
Blackberry,,BOM,Mumbai Chhatrapati Shivaji
Boarding Bite,,BOM,Mumbai Chhatrapati Shivaji
Budweiser Bar,,BOM,Mumbai Chhatrapati Shivaji
Burger Taco Co,,BOM,Mumbai Chhatrapati Shivaji
Ccd,,BOM,Mumbai Chhatrapati Shivaji
Chef café,,BOM,Mumbai Chhatrapati Shivaji
Clink Bar,,BOM,Mumbai Chhatrapati Shivaji
Coffee Bean & Tea Leaf (CBTL),,BOM,Mumbai Chhatrapati Shivaji
Donna Italia,,BOM,Mumbai Chhatrapati Shivaji
Dosa Plaza,,BOM,Mumbai Chhatrapati Shivaji
Flurys,,BOM,Mumbai Chhatrapati Shivaji
Foody's,,BOM,Mumbai Chhatrapati Shivaji
Fresco,,BOM,Mumbai Chhatrapati Shivaji
Good Flippin' Burgers,,BOM,Mumbai Chhatrapati Shivaji
Hoegaarden Bar,,BOM,Mumbai Chhatrapati Shivaji
Irish house,,BOM,Mumbai Chhatrapati Shivaji
Jumbo King,,BOM,Mumbai Chhatrapati Shivaji
Madras Coffee House,,BOM,Mumbai Chhatrapati Shivaji
Manis Cafe,,BOM,Mumbai Chhatrapati Shivaji
Messo,,BOM,Mumbai Chhatrapati Shivaji
Mint & Mirchi,,BOM,Mumbai Chhatrapati Shivaji
Mitti Café,,BOM,Mumbai Chhatrapati Shivaji
Moti Mahal,,BOM,Mumbai Chhatrapati Shivaji
Mumbai Se,,BOM,Mumbai Chhatrapati Shivaji
Mumbai Snacks,,BOM,Mumbai Chhatrapati Shivaji
Naashto,,BOM,Mumbai Chhatrapati Shivaji
Naturals,,BOM,Mumbai Chhatrapati Shivaji
New York Burrito Company,,BOM,Mumbai Chhatrapati Shivaji
Ottoman Eats,,BOM,Mumbai Chhatrapati Shivaji
Pasta Station,,BOM,Mumbai Chhatrapati Shivaji
Raju Omlet,,BOM,Mumbai Chhatrapati Shivaji
Salad Bar,,BOM,Mumbai Chhatrapati Shivaji
Shawarma Shack,,BOM,Mumbai Chhatrapati Shivaji
Shiv Sagar,,BOM,Mumbai Chhatrapati Shivaji
Squeeze Juice,,BOM,Mumbai Chhatrapati Shivaji
Street Foods by Punjab Grill,,BOM,Mumbai Chhatrapati Shivaji
The Cram Bar,,BOM,Mumbai Chhatrapati Shivaji
TIKG (The Indian Kebab Grill) Bar,,BOM,Mumbai Chhatrapati Shivaji
Zambar,,BOM,Mumbai Chhatrapati Shivaji
4 FOOD Street Kitchen,,MUC,Munich Airport
Adelholzener Bar,,MUC,Munich Airport
Airbräu,,MUC,Munich Airport
Airbräu Next to Heaven,,MUC,Munich Airport
Airport Oliva,,MUC,Munich Airport
Alfredo Bar & Biergarten,,MUC,Munich Airport
Apollinaris Bar,,MUC,Munich Airport
Backstube Wünsche,,MUC,Munich Airport
Bamee,,MUC,Munich Airport
Bluebird Bar,,MUC,Munich Airport
Boconero,,MUC,Munich Airport
Boconero Express,,MUC,Munich Airport
Breznsalzer,,MUC,Munich Airport
Bruschetteria,,MUC,Munich Airport
Ciao Amici,,MUC,Munich Airport
Cloud 7,,MUC,Munich Airport
Coca-Cola Bar & Biergarten,,MUC,Munich Airport
Cucina Popolare,,MUC,Munich Airport
Dallmayr Bistro,,MUC,Munich Airport
Erdinger Bar & Biergarten,,MUC,Munich Airport
Foodji,,MUC,Munich Airport
Fürstenlounge,,MUC,Munich Airport
Hofbräu Bistro,,MUC,Munich Airport
Käfer,,MUC,Munich Airport
Käfer - factory of enjoyment,,MUC,Munich Airport
Käfer Bistro,,MUC,Munich Airport
Lenbachs Bar & Gallery,,MUC,Munich Airport
Magnum Gate,,MUC,Munich Airport
Mionetto Bar,,MUC,Munich Airport
Mountain Hub Gourmet,,MUC,Munich Airport
Mountain Hub Social Dining,,MUC,Munich Airport
Münchner Leibspeise,,MUC,Munich Airport
Nightflight Bar,,MUC,Munich Airport
Seafood meets Asia,,MUC,Munich Airport
Selmans Restaurant & Bar,,MUC,Munich Airport
Sissi & Franz,,MUC,Munich Airport
Sissi & Franz Bar,,MUC,Munich Airport
Smokey Joe's,,MUC,Munich Airport
Sportalm,,MUC,Munich Airport
Subralott,,MUC,Munich Airport
Surf and Turf,,MUC,Munich Airport
Tante Ju's Speisenwerkstatt,,MUC,Munich Airport
The Flave of Munich,,MUC,Munich Airport
the ODEON by Käfer,,MUC,Munich Airport
urban Biergarten,,MUC,Munich Airport
Viktualien Stubn,,MUC,Munich Airport
Wiener's,,MUC,Munich Airport
Alidoro,sandwich,JFK,New York JFK
Apartment 7B Deli & Market,,JFK,New York JFK
Arrivals Eatery,,JFK,New York JFK
Artichoke Pizzeria,pizza,JFK,New York JFK
Aunt Butchie's Bakery Cafe,,JFK,New York JFK
Bagel Boss,,JFK,New York JFK
Beacon Bar and Kitchen,"pizza, sandwich",JFK,New York JFK
BKLYN Blend,coffee_shop,JFK,New York JFK
Black Star Bakery & Cafe,,JFK,New York JFK
Black Tap Bar,,JFK,New York JFK
Boulton & Watt,,JFK,New York JFK
Brindle Room,,JFK,New York JFK
Brooklyn Deli,,JFK,New York JFK
Brooklyn Rebel,,JFK,New York JFK
Bryant Park Market,,JFK,New York JFK
Caribbean Kitchen,caribbean,JFK,New York JFK
Cibo Express,coffee_shop,JFK,New York JFK
Cobblestones Biergarten & Bar,,JFK,New York JFK
Connie Cocktail Lounge,,JFK,New York JFK
Crêpes Your Way,,JFK,New York JFK
Custom Burgers,burger,JFK,New York JFK
Dear NYC,,JFK,New York JFK
Dos Toros Tequila Bar,mexican,JFK,New York JFK
Downtown Market,,JFK,New York JFK
Eastward,,JFK,New York JFK
Eat and go,,JFK,New York JFK
Euro Cafe,,JFK,New York JFK
Five Borough Food Hall,,JFK,New York JFK
Flatiron Coffee Roasters,,JFK,New York JFK
Fly-By Bagels,,JFK,New York JFK
Flying Tacos,mexican,JFK,New York JFK
Gotham Speakeasy,,JFK,New York JFK
Guy Fieri's Flavortown,,JFK,New York JFK
H & H Bagels,,JFK,New York JFK
Horizon Bakery - CEGM,,JFK,New York JFK
Jacob's Pickles,,JFK,New York JFK
Joe Coffee,coffee_shop,JFK,New York JFK
Lucy's Asian Kitchen,asian,JFK,New York JFK
Madhuban Modern Indian,indian,JFK,New York JFK
Midtown Bistro,,JFK,New York JFK
Mister Softee,,JFK,New York JFK
Mito,,JFK,New York JFK
Naya,,JFK,New York JFK
Nolita Wine Bar,,JFK,New York JFK
Nom Wah,chinese,JFK,New York JFK
Nom Wah Bar,chinese,JFK,New York JFK
NY Deli / Gateway Bake Shop,,JFK,New York JFK
NY Fresh Subs,,JFK,New York JFK
NY Minute,,JFK,New York JFK
Paris Cafe,,JFK,New York JFK
Petit Gourmet,,JFK,New York JFK
Pizza  Pub,pizza,JFK,New York JFK
Pizza Vino Bar,pizza,JFK,New York JFK
Pizza Vino Kitchen & Bar,,JFK,New York JFK
Pool Bar,,JFK,New York JFK
Revive,,JFK,New York JFK
Revolucion,mexican,JFK,New York JFK
Shin Ramyun,ramen,JFK,New York JFK
So Chocolate,,JFK,New York JFK
Soho Bites,,JFK,New York JFK
Soy & Sake,,JFK,New York JFK
Supply Five Co.,,JFK,New York JFK
Taste of NY,,JFK,New York JFK
Tender Crush,,JFK,New York JFK
The Blinded Tiger,,JFK,New York JFK
The Brooklyn Counter,burger,JFK,New York JFK
The Connie,,JFK,New York JFK
The Golden Krust,,JFK,New York JFK
The Local,,JFK,New York JFK
The Palm Bar & Grill,,JFK,New York JFK
The Sunken Lounge,,JFK,New York JFK
True Burger,burger,JFK,New York JFK
TWA Corner Store,,JFK,New York JFK
Uptown Bar,,JFK,New York JFK
Uptown Market,,JFK,New York JFK
Van Wyck Bar & Grill,,JFK,New York JFK
Villa Russo,italian,JFK,New York JFK
VINNY'S Panini,sandwich,JFK,New York JFK
Wok & Roll,,JFK,New York JFK
Wurst Sausages,,JFK,New York JFK
5 Boroughs Food Emporium,,LGA,New York LaGuardia
Artichoke Pizza,,LGA,New York LaGuardia
Bar 212,,LGA,New York LaGuardia
Bar Veloce,,LGA,New York LaGuardia
Beecher's Handmade Cheese / Sweetleaf Coffee Roasters,,LGA,New York LaGuardia
Birch Coffee / H&H Bagels / Rossi Pizzeria,,LGA,New York LaGuardia
Brklyn's Best Bagels / Kombu,,LGA,New York LaGuardia
Brooklyn Diner,,LGA,New York LaGuardia
Bubby's,,LGA,New York LaGuardia
BuzzFeed,,LGA,New York LaGuardia
Calista Taverna,,LGA,New York LaGuardia
Capital One Landing,,LGA,New York LaGuardia
Chopt,,LGA,New York LaGuardia
CIBO Express Foodhall,,LGA,New York LaGuardia
CIBO Express Gourmet Markets,,LGA,New York LaGuardia
Cotto Trattoria & Market Place,,LGA,New York LaGuardia
District Market,,LGA,New York LaGuardia
Dos Toros,,LGA,New York LaGuardia
Eggy Weggy / Essex Burger,,LGA,New York LaGuardia
Fiorello Market,,LGA,New York LaGuardia
Flatiron Tavern & Provisions,,LGA,New York LaGuardia
Gotham News,,LGA,New York LaGuardia
Green Leaf's,,LGA,New York LaGuardia
Hill Country Barbecue Market,,LGA,New York LaGuardia
Hunt and Fish Grill,,LGA,New York LaGuardia
Il Viaggio,,LGA,New York LaGuardia
Junior's Restaurant and Cheesecake,,LGA,New York LaGuardia
King David Tacos,,LGA,New York LaGuardia
La Chula Bar & Taqueria,,LGA,New York LaGuardia
Mad Ave. Market,,LGA,New York LaGuardia
Mezze,,LGA,New York LaGuardia
Mulberry Street,,LGA,New York LaGuardia
NY Creperie,,LGA,New York LaGuardia
NYC Aglow,,LGA,New York LaGuardia
Orpheus + Apollo,,LGA,New York LaGuardia
Panorama Bar,,LGA,New York LaGuardia
Poppy's Bagels / Chuko Ramen,,LGA,New York LaGuardia
Pour Authority,,LGA,New York LaGuardia
Prime Steakhouse,,LGA,New York LaGuardia
Queens Corner,,LGA,New York LaGuardia
Soleil Brasserie,,LGA,New York LaGuardia
Spirit & Bell,,LGA,New York LaGuardia
Sunday Supper Trattoria,,LGA,New York LaGuardia
Taim Mediterranean Kitchen,,LGA,New York LaGuardia
Talde Noodle Bar,,LGA,New York LaGuardia
Terrace Bar,,LGA,New York LaGuardia
The Bowery Bay Shops,,LGA,New York LaGuardia
The Grille,,LGA,New York LaGuardia
The Line Sports Grill,,LGA,New York LaGuardia
Tony and Benny's Pizza Parlor,,LGA,New York LaGuardia
Trinity Burgers,,LGA,New York LaGuardia
Uptown Essentials,,LGA,New York LaGuardia
W.H. Smith,,LGA,New York LaGuardia
Asian Chao - Gates 100-129,,MCO,Orlando International
Bahama Breeze - Gates 70-79,,MCO,Orlando International
Bananas Smoothies & Frozen Yogurt - Gates 100-129,,MCO,Orlando International
Barnie's Coffee & Tea Co.,,MCO,Orlando International
Camden Food Company - Gates 50-59,,MCO,Orlando International
Cask & Larder - Gates 100-129,,MCO,Orlando International
Cask & Larder Provisions - Terminal C Palm Court,,MCO,Orlando International
Cask & Larder Public House - Terminal C Palm Court,,MCO,Orlando International
Chick-fil-A - Food Court,,MCO,Orlando International
Chick-fil-A - Terminal C Palm Court,,MCO,Orlando International
CIBO Express - Gate 72,,MCO,Orlando International
CIBO Express - Gate 80,,MCO,Orlando International
CIBO Express - Gate 92,,MCO,Orlando International
Cucina & Co. - Gates C230-C245,,MCO,Orlando International
Desano Pizzeria - Terminal C Palm Court,,MCO,Orlando International
FarmAir's Market - Gate 103,,MCO,Orlando International
FarmAir's Market - Gate 123,,MCO,Orlando International
Firehouse Subs - Food Court,,MCO,Orlando International
Gastrohub - Gates 30-59,,MCO,Orlando International
Gastrohub To Go - Gates 30-59,,MCO,Orlando International
Green Leaf's Beyond Great Salads - Gates 100-129,,MCO,Orlando International
Greenbeat - Terminal C Palm Court,,MCO,Orlando International
Harvest and Grounds,,MCO,Orlando International
Hemisphere on LVL 9,,MCO,Orlando International
Le Grand Comptoir - Gate 22,,MCO,Orlando International
Lobby Bar at Hyatt Regency,,MCO,Orlando International
Market by Villa,,MCO,Orlando International
McCoy's Bar & Grill at Hyatt Regency - Level 4,,MCO,Orlando International
McCoy's Bar & Grill To-Go,,MCO,Orlando International
Orange County Brewery,,MCO,Orlando International
Orange County Brewery - Gates C230-C245,,MCO,Orlando International
Orlando Pride City Pub,,MCO,Orlando International
Outback Take Away - Gates 70-79,,MCO,Orlando International
Ravenous Pig Brewing Co. General Store - Gates C230-C245,,MCO,Orlando International
Revive - Gate 80,,MCO,Orlando International
Revive - Gate 90,,MCO,Orlando International
Romano's On the Fly,,MCO,Orlando International
Snack and Drink Vending Machine,,MCO,Orlando International
Summer House Orlando - Terminal C Palm Court,,MCO,Orlando International
Sunshine Diner by Chef Art Smith - Gates C230-C245,,MCO,Orlando International
Tacos Locos - Gates 70-79,,MCO,Orlando International
Urban Crave - Gates 1-29,,MCO,Orlando International
Vino Volo - Gates 70-79,,MCO,Orlando International
Wine Bar George - Terminal C Palm Court,,MCO,Orlando International
ZaZa To Go - Gates 1-29,,MCO,Orlando International
551HORAI,chinese,KIX,Osaka Kansai
Azusa Coffee,coffee_shop,KIX,Osaka Kansai
BOTEJYU 1946,japanese,KIX,Osaka Kansai
Cafe & Bar 和 SAKURA,,KIX,Osaka Kansai
Café DIOR by Anne-Sophie Pic,,KIX,Osaka Kansai
COCO'S Airport Dining,,KIX,Osaka Kansai
COLOSSEO,italian,KIX,Osaka Kansai
DOTONBORIKAMUKURA,japanese,KIX,Osaka Kansai
ESPRESSO & BAKERY,,KIX,Osaka Kansai
GENKI SHOUTEN,,KIX,Osaka Kansai
Hanazato,japanese,KIX,Osaka Kansai
Homemade Udon KINEYA MUGIMARU,japanese,KIX,Osaka Kansai
Japan Traveling Restaurant by BOTEJYU,japanese,KIX,Osaka Kansai
JAPANESE RESTAURANT,japanese,KIX,Osaka Kansai
Kagonoya,japanese,KIX,Osaka Kansai
Kanekohannosuke,japanese,KIX,Osaka Kansai
KIEFEL,,KIX,Osaka Kansai
KIX BEER,,KIX,Osaka Kansai
LE PAN Kobe Kitano,,KIX,Osaka Kansai
maidoookinishokudo kankushokudo,japanese,KIX,Osaka Kansai
MENSHO,ramen,KIX,Osaka Kansai
MUSUBIYA HINONE MIZUNONE,japanese,KIX,Osaka Kansai
nana's green tea,japanese,KIX,Osaka Kansai
Olive Hill,,KIX,Osaka Kansai
OnigiriBurger,japanese,KIX,Osaka Kansai
Osaka Gochi Shokudou,japanese,KIX,Osaka Kansai
OSAKA TENMA SUSHI NISHIYA,japanese,KIX,Osaka Kansai
PRONTO TERMINAL 1,,KIX,Osaka Kansai
Ryu-ka Seian Toushomen,chinese,KIX,Osaka Kansai
SAINT MARC CAFÉ,,KIX,Osaka Kansai
San Marco Curry,curry,KIX,Osaka Kansai
SOJIBO,japanese,KIX,Osaka Kansai
SUSHI OTAKU,japanese,KIX,Osaka Kansai
TAKOMASA,japanese,KIX,Osaka Kansai
The Brasserie,,KIX,Osaka Kansai
Toh-Lee,chinese,KIX,Osaka Kansai
TONKATSU WAKO KEITEI,japanese,KIX,Osaka Kansai
Tsukiji Magoemon,japanese,KIX,Osaka Kansai
ZETTERIA,,KIX,Osaka Kansai
È PRONTO,,KIX,Osaka Kansai
☆Soup,,KIX,Osaka Kansai
Bellota-Bellota,,CDG,Paris Charles de Gaulle
Bistrot Benoit,,CDG,Paris Charles de Gaulle
Byzance Gourmet Food Bar,,CDG,Paris Charles de Gaulle
Café Eiffel,,CDG,Paris Charles de Gaulle
Food & Café,,CDG,Paris Charles de Gaulle
I love Paris by Guy Martin,,CDG,Paris Charles de Gaulle
Kirei,,CDG,Paris Charles de Gaulle
La Table de Michel Roth,,CDG,Paris Charles de Gaulle
Le Bar,,CDG,Paris Charles de Gaulle
Maison Pradier,,CDG,Paris Charles de Gaulle
Miyou,,CDG,Paris Charles de Gaulle
Paname Tap House,,CDG,Paris Charles de Gaulle
Strada by It,,CDG,Paris Charles de Gaulle
Sūshi,,CDG,Paris Charles de Gaulle
A Saideira,,GIG,Rio de Janeiro Galeão
Aero Sport Bar,,GIG,Rio de Janeiro Galeão
Casa Bauducco,,GIG,Rio de Janeiro Galeão
CoffeeSpot,coffee_shop,GIG,Rio de Janeiro Galeão
Deltaexpresso,,GIG,Rio de Janeiro Galeão
Divino Fogão,,GIG,Rio de Janeiro Galeão
Empanadas y Tal,,GIG,Rio de Janeiro Galeão
Factory,,GIG,Rio de Janeiro Galeão
Freddo,ice_cream,GIG,Rio de Janeiro Galeão
Galeão Coffee Shop,coffee_shop,GIG,Rio de Janeiro Galeão
Geneal e Sorvetes Itália,ice_cream,GIG,Rio de Janeiro Galeão
Jamie's Deli,,GIG,Rio de Janeiro Galeão
Kozinha Sushi Bar & Árabe,japanese,GIG,Rio de Janeiro Galeão
Latitude,,GIG,Rio de Janeiro Galeão
Mania de Churrasco,barbecue,GIG,Rio de Janeiro Galeão
Mariposa,,GIG,Rio de Janeiro Galeão
Nescafé,,GIG,Rio de Janeiro Galeão
Nutty Bavarian,,GIG,Rio de Janeiro Galeão
O Pasquim Bar e Prosa,,GIG,Rio de Janeiro Galeão
Palaphita,,GIG,Rio de Janeiro Galeão
Pipocassa,,GIG,Rio de Janeiro Galeão
Salch&Pão,,GIG,Rio de Janeiro Galeão
Spoleto,italian,GIG,Rio de Janeiro Galeão
Travel Market,,GIG,Rio de Janeiro Galeão
Ventana Fresh,,GIG,Rio de Janeiro Galeão
12oz,,FCO,Rome Fiumicino
Beercode,,FCO,Rome Fiumicino
Berlucchi,,FCO,Rome Fiumicino
Bistro by Mastercard,,FCO,Rome Fiumicino
Bistrot,,FCO,Rome Fiumicino
Bonci,,FCO,Rome Fiumicino
Bottega Prosecco,,FCO,Rome Fiumicino
Caffè Napoli,,FCO,Rome Fiumicino
Caffè Vergnano - Women in Coffee,,FCO,Rome Fiumicino
Cioccolati italiani,,FCO,Rome Fiumicino
Doppio Malto,,FCO,Rome Fiumicino
Farinella,,FCO,Rome Fiumicino
Farinella T3,,FCO,Rome Fiumicino
Temakinho,,FCO,Rome Fiumicino
Tentazioni Cafè,,FCO,Rome Fiumicino
Africa Lounge,,SEA,Seattle-Tacoma International
Bad Egg Breakfast Bar,,SEA,Seattle-Tacoma International
Ballard Brew Hall,,SEA,Seattle-Tacoma International
Bambuza Vietnam Kitchen & Bar,,SEA,Seattle-Tacoma International
BrewTop Social,,SEA,Seattle-Tacoma International
Caffe D'arte,,SEA,Seattle-Tacoma International
Capitol Hill Food Hall,,SEA,Seattle-Tacoma International
Dilettante Mocha Cafe,,SEA,Seattle-Tacoma International
Dish D'Lish,,SEA,Seattle-Tacoma International
Embarque Whiskey Grill,,SEA,Seattle-Tacoma International
Floret by Cafe Flora,,SEA,Seattle-Tacoma International
Great State Burger,,SEA,Seattle-Tacoma International
Greedy Cow Burger,,SEA,Seattle-Tacoma International
Hachi-ko,,SEA,Seattle-Tacoma International
Koi Shi Sushi Bar,,SEA,Seattle-Tacoma International
La Vie En Rose,,SEA,Seattle-Tacoma International
Lucky Louie Fish Shack,,SEA,Seattle-Tacoma International
Lunchbox Laboratory,,SEA,Seattle-Tacoma International
Moe's Indian Kitchen,,SEA,Seattle-Tacoma International
Mountain Room,,SEA,Seattle-Tacoma International
Nanny's Northwest BBQ Joint,,SEA,Seattle-Tacoma International
Neighborhood Bubble Tea & Coffee,,SEA,Seattle-Tacoma International
Neighborhood Cafe,,SEA,Seattle-Tacoma International
Ninth & Pike,,SEA,Seattle-Tacoma International
Open Space Tap Room,,SEA,Seattle-Tacoma International
Pacific Market,,SEA,Seattle-Tacoma International
Poke to the Max,,SEA,Seattle-Tacoma International
Rel'Lish Burger Lounge,,SEA,Seattle-Tacoma International
Salty's at the SEA,,SEA,Seattle-Tacoma International
Seattle Beer Union,,SEA,Seattle-Tacoma International
Seattle Dawg House,,SEA,Seattle-Tacoma International
Skillet,,SEA,Seattle-Tacoma International
Sourced Market,,SEA,Seattle-Tacoma International
Village Pub,,SEA,Seattle-Tacoma International
Vyne Washington Tasting Room,,SEA,Seattle-Tacoma International
Wanderlust,,SEA,Seattle-Tacoma International
A Nature-Inspired Korean Food,korean,ICN,Seoul Incheon
ADDAL,,ICN,Seoul Incheon
AMERICAN TRAILER,,ICN,Seoul Incheon
ANGELINUS,,ICN,Seoul Incheon
Bizeun,,ICN,Seoul Incheon
Broth Kitchen,korean,ICN,Seoul Incheon
Bunsik Gotgan,korean,ICN,Seoul Incheon
Burger Station,burger,ICN,Seoul Incheon
BYEOLMIGA,korean,ICN,Seoul Incheon
BYULMI BUNSIK,korean,ICN,Seoul Incheon
Caffe Pascucci,coffee_shop,ICN,Seoul Incheon
CHAR,,ICN,Seoul Incheon
Cheongjindong Sundubu,korean,ICN,Seoul Incheon
Cheongun Miga,korean,ICN,Seoul Incheon
Chocolat palette,,ICN,Seoul Incheon
Choi Dining,,ICN,Seoul Incheon
Classic Noodles,,ICN,Seoul Incheon
COFFEE@WORKS,coffee_shop,ICN,Seoul Incheon
COLECTIVO,,ICN,Seoul Incheon
Crispy Pork Cutlet,korean,ICN,Seoul Incheon
Culinary Square,,ICN,Seoul Incheon
DOSUN,korean,ICN,Seoul Incheon
EGGDROP,,ICN,Seoul Incheon
FOOD EMPIRE EAST,,ICN,Seoul Incheon
FOOD EMPIRE WEST,,ICN,Seoul Incheon
Gajokhoegwan,korean,ICN,Seoul Incheon
GELCCINE,,ICN,Seoul Incheon
GONGPYEONG-DONG GIANT CUTLET,korean,ICN,Seoul Incheon
GORAESA,,ICN,Seoul Incheon
GRAZ COFFEE LAB,coffee_shop,ICN,Seoul Incheon
GYEINGSEONG BUNSIK,korean,ICN,Seoul Incheon
Haneulmaru Cafe,,ICN,Seoul Incheon
HANOKJIB KIMCHIJJIM,korean,ICN,Seoul Incheon
Hanokjip Kimchijjim,korean,ICN,Seoul Incheon
Hansik Sodam-gil,korean,ICN,Seoul Incheon
HOHOKATSU,japanese,ICN,Seoul Incheon
HOLLYS,coffee_shop,ICN,Seoul Incheon
HOLLYS (T1 Store),coffee_shop,ICN,Seoul Incheon
Hot Dog & Chicken,,ICN,Seoul Incheon
Hwangsaengga Kalguksu,korean,ICN,Seoul Incheon
HYOJA GOMTANG,korean,ICN,Seoul Incheon
JAMUNBAK,korean,ICN,Seoul Incheon
JaYeon,korean,ICN,Seoul Incheon
Jeju Dombeok,korean,ICN,Seoul Incheon
Jeju Seho Haejangguk,korean,ICN,Seoul Incheon
Jeondongjib,korean,ICN,Seoul Incheon
K-mealkit Smart Restaurant,korean,ICN,Seoul Incheon
KONThai,thai,ICN,Seoul Incheon
Korea Food & Pancakes,korean,ICN,Seoul Incheon
Krispy Kreme Doughnuts,donut,ICN,Seoul Incheon
Krispy Pork Cutlet,korean,ICN,Seoul Incheon
LAGRILLIA,italian,ICN,Seoul Incheon
LINA'S,sandwich,ICN,Seoul Incheon
Little Xingkai,chinese,ICN,Seoul Incheon
livfarm,,ICN,Seoul Incheon
Manseokjang,korean,ICN,Seoul Incheon
MASUNG TTEOKBOKKI,korean,ICN,Seoul Incheon
MAURITIUS BROWN,,ICN,Seoul Incheon
MEALBON,,ICN,Seoul Incheon
Meallions,,ICN,Seoul Incheon
Mimi Dandan,,ICN,Seoul Incheon
Misojeong,asian,ICN,Seoul Incheon
MODAKK SNACK,,ICN,Seoul Incheon
Modern Shanghai,chinese,ICN,Seoul Incheon
MUKYOKU,japanese,ICN,Seoul Incheon
NADRI HOEGWAN,korean,ICN,Seoul Incheon
Nadri Jjolmyeon,korean,ICN,Seoul Incheon
Namsan King Pork Cutlet,korean,ICN,Seoul Incheon
Namsan King Size Pork Cutlet,korean,ICN,Seoul Incheon
NIMAT,,ICN,Seoul Incheon
NOMALO COFFEE,coffee_shop,ICN,Seoul Incheon
OAKBERRY AÇAI,,ICN,Seoul Incheon
ONTANGJIP,korean,ICN,Seoul Incheon
Oriental Bay,asian,ICN,Seoul Incheon
OURDANG and In The Box,,ICN,Seoul Incheon
OURHOME's Kimchi Cuisine,korean,ICN,Seoul Incheon
Paris Croissant,,ICN,Seoul Incheon
PASCUCCI,coffee_shop,ICN,Seoul Incheon
PHO,vietnamese,ICN,Seoul Incheon
PLE:EATING,korean,ICN,Seoul Incheon
ROBOTGIMBAP,korean,ICN,Seoul Incheon
SAMCHUNGDANG,,ICN,Seoul Incheon
SAMJINAMOOK,korean,ICN,Seoul Incheon
Seoul-Street,,ICN,Seoul Incheon
Sinpo Sundae,korean,ICN,Seoul Incheon
SODAM BANSANG,korean,ICN,Seoul Incheon
SOI YEONNAM,thai,ICN,Seoul Incheon
Sokcho Kodari Naengmyeon,korean,ICN,Seoul Incheon
Sonsoo Ok,korean,ICN,Seoul Incheon
Sonsuheon,korean,ICN,Seoul Incheon
SOUL BOWL,,ICN,Seoul Incheon
SSOJA TOAST,,ICN,Seoul Incheon
TANTAN NOODLES KITCHEN,asian,ICN,Seoul Incheon
Taste of Nature,,ICN,Seoul Incheon
TASTY CUBE,,ICN,Seoul Incheon
TawBan,,ICN,Seoul Incheon
TAXIING 5,,ICN,Seoul Incheon
THE TACO BOOTH,mexican,ICN,Seoul Incheon
Tianlu,chinese,ICN,Seoul Incheon
Timeless Korean Dining (Hansik Sodam-gil),korean,ICN,Seoul Incheon
TORUNG BANGKOK,thai,ICN,Seoul Incheon
Tous Les Jours,,ICN,Seoul Incheon
TSUKIZEN,japanese,ICN,Seoul Incheon
TWOSOME PLACE,coffee_shop,ICN,Seoul Incheon
XINGKAI,chinese,ICN,Seoul Incheon
Yeongju Bubu Maeul,korean,ICN,Seoul Incheon
YOOIL DAK GANG JEONG,korean,ICN,Seoul Incheon
Yuksu Gojip,,ICN,Seoul Incheon
365 Juices Bar,juice,SIN,Singapore Changi
4 Fingers Crispy Chicken,chicken,SIN,Singapore Changi
7Café,,SIN,Singapore Changi
A Noodle Story,singaporean,SIN,Singapore Changi
A-Roy Thai Restaurant,thai,SIN,Singapore Changi
Aburi-EN,japanese,SIN,Singapore Changi
ActionCity Café,,SIN,Singapore Changi
Allora Ristorante & Bar,italian,SIN,Singapore Changi
Amps Tea,,SIN,Singapore Changi
An Acai Affair,,SIN,Singapore Changi
Anjappar,indian,SIN,Singapore Changi
Arteastiq,,SIN,Singapore Changi
Beauty in the Pot,chinese,SIN,Singapore Changi
Birds of Paradise,,SIN,Singapore Changi
Buk Chang Dong Soon Tofu,korean,SIN,Singapore Changi
Butter & Cream,,SIN,Singapore Changi
Cafe O,coffee_shop,SIN,Singapore Changi
Central Thai,thai,SIN,Singapore Changi
CHA MULAN,,SIN,Singapore Changi
Chatterbox Express,singaporean,SIN,Singapore Changi
Chef Wei HK Cheong Fun,hong_kong,SIN,Singapore Changi
Chengdu Bowl,chinese,SIN,Singapore Changi
Chow Zan Dessert,chinese,SIN,Singapore Changi
Chutney Mary,indian,SIN,Singapore Changi
Claypot Daddy,singaporean,SIN,Singapore Changi
Cookhouse,,SIN,Singapore Changi
Crown Prince Kitchenette,chinese,SIN,Singapore Changi
Dian Xiao Er,chinese,SIN,Singapore Changi
Elfuego by COLLIN'S,,SIN,Singapore Changi
Fish & Co,seafood,SIN,Singapore Changi
Food Republic,,SIN,Singapore Changi
Foodies' Clan,,SIN,Singapore Changi
Gochi-So Shokudo,japanese,SIN,Singapore Changi
Gourmet Sarawak,asian,SIN,Singapore Changi
Gwangjang GAON,korean,SIN,Singapore Changi
Hakka Yu,chinese,SIN,Singapore Changi
Harry's,,SIN,Singapore Changi
Harry's Bar and Dining,,SIN,Singapore Changi
Heavenly Wang,local,SIN,Singapore Changi
Hitoyoshi Izakaya,japanese,SIN,Singapore Changi
Hoshino Coffee,coffee_shop,SIN,Singapore Changi
Hot Tomato,,SIN,Singapore Changi
HUB & SPOKE CAFÉ,coffee_shop,SIN,Singapore Changi
Ichikokudo Hokkaido Ramen,ramen,SIN,Singapore Changi
Imperial Treasure Super Peking Duck,chinese,SIN,Singapore Changi
Ipoh Town,malaysian,SIN,Singapore Changi
ITEA Premium,,SIN,Singapore Changi
Jack's Place,,SIN,Singapore Changi
Josh's Grill,,SIN,Singapore Changi
Kam's Roast,chinese,SIN,Singapore Changi
KANE MOCHI,,SIN,Singapore Changi
Kantin,singaporean,SIN,Singapore Changi
Kimchi Mama,korean,SIN,Singapore Changi
Kiwami Ramen,ramen,SIN,Singapore Changi
KOI Express,,SIN,Singapore Changi
KOI Thé,,SIN,Singapore Changi
Kopikakis,coffee_shop,SIN,Singapore Changi
Korea Culture,korean,SIN,Singapore Changi
Lady M,,SIN,Singapore Changi
LE Congee,chinese,SIN,Singapore Changi
LeMa Dumpling,chinese,SIN,Singapore Changi
LiXin Teochew Fishball Noodle,singaporean,SIN,Singapore Changi
Luke's Lobster,seafood,SIN,Singapore Changi
Ma Mum,thai,SIN,Singapore Changi
MA MUM To Go,thai,SIN,Singapore Changi
Mamma Mia,italian,SIN,Singapore Changi
Mango Tree & Heineken World Bar,,SIN,Singapore Changi
Meltise,,SIN,Singapore Changi
Monster Curry,japanese,SIN,Singapore Changi
Mr Teh Tarik Express,,SIN,Singapore Changi
Mr. Coconut,,SIN,Singapore Changi
Mrs Pho,vietnamese,SIN,Singapore Changi
Munchi Pancakes,,SIN,Singapore Changi
Naixue,,SIN,Singapore Changi
Nam Kee Pau,singaporean,SIN,Singapore Changi
NamNam,vietnamese,SIN,Singapore Changi
Nasty Cookie,,SIN,Singapore Changi
Nesuto,,SIN,Singapore Changi
Nine Fresh,chinese,SIN,Singapore Changi
Nong Geng Ji,chinese,SIN,Singapore Changi
Noyah La Maison & Zero Degree,,SIN,Singapore Changi
NY Char Grill,,SIN,Singapore Changi
O'Coffee Club,coffee_shop,SIN,Singapore Changi
O'Coffee Club Roastery,,SIN,Singapore Changi
O'Coffee Club Xpress,,SIN,Singapore Changi
OMEGA Pork Noodle,singaporean,SIN,Singapore Changi
Overflow,,SIN,Singapore Changi
Paradise Classic,,SIN,Singapore Changi
Peach Garden,chinese,SIN,Singapore Changi
Pop Play Planet Cafe,,SIN,Singapore Changi
Poulet Bijou,,SIN,Singapore Changi
PS.Cafe,,SIN,Singapore Changi
Queic by Olivia,,SIN,Singapore Changi
Ramen Keisuke Singapore,ramen,SIN,Singapore Changi
Roost,,SIN,Singapore Changi
Rotiboy,,SIN,Singapore Changi
Royal Host,japanese,SIN,Singapore Changi
Saap Saap Thai,thai,SIN,Singapore Changi
Sampanman,seafood,SIN,Singapore Changi
Sanook Kitchen,thai,SIN,Singapore Changi
SF Fruits & Juices,juice,SIN,Singapore Changi
SG Hawker,,SIN,Singapore Changi
Singapore Food Street,singaporean,SIN,Singapore Changi
Soup Restaurant,singaporean,SIN,Singapore Changi
SugarBelly,,SIN,Singapore Changi
Taiwan Culture,taiwanese,SIN,Singapore Changi
Terrace Chinese Kitchen,chinese,SIN,Singapore Changi
The 1872 Clipper Tea Co.,,SIN,Singapore Changi
The Coach Restaurant,,SIN,Singapore Changi
The Hainan Story,singaporean,SIN,Singapore Changi
The Hainan Story Bakery,,SIN,Singapore Changi
The Satay Club,singaporean,SIN,Singapore Changi
TheJellyHearts,,SIN,Singapore Changi
Tiger Bar & Restaurant,,SIN,Singapore Changi
Tiger Den,,SIN,Singapore Changi
Tip Top,local,SIN,Singapore Changi
Tokyo Milk Cheese Factory,,SIN,Singapore Changi
Tonkatsu by Ma Maison,japanese,SIN,Singapore Changi
TP TEA,,SIN,Singapore Changi
Treasures Yi Dian Xin,chinese,SIN,Singapore Changi
Tsui Wah,hong_kong,SIN,Singapore Changi
Tun Xiang,chinese,SIN,Singapore Changi
Tutto by Da Paolo,italian,SIN,Singapore Changi
Wa-En Wagyu,japanese,SIN,Singapore Changi
Wang Noodle House,chinese,SIN,Singapore Changi
Wee Nam Kee Hainanese Chicken Rice,singaporean,SIN,Singapore Changi
White Restaurant,,SIN,Singapore Changi
Woke Ramen,ramen,SIN,Singapore Changi
Wu Fang Zhai,chinese,SIN,Singapore Changi
XW Western Grill,,SIN,Singapore Changi
Yun Nans,chinese,SIN,Singapore Changi
1915 Lanzhou Beef Noodles,chinese,SYD,Sydney Kingsford Smith
Allpress Espresso,,SYD,Sydney Kingsford Smith
Atrium Dine,,SYD,Sydney Kingsford Smith
Betty's Burgers,burger,SYD,Sydney Kingsford Smith
Bistro 2020,,SYD,Sydney Kingsford Smith
Brasserie Bread,,SYD,Sydney Kingsford Smith
Caffettino Espresso,,SYD,Sydney Kingsford Smith
Campos Coffee,coffee_shop,SYD,Sydney Kingsford Smith
EARL Dine,,SYD,Sydney Kingsford Smith
East x West Dine,,SYD,Sydney Kingsford Smith
Fat Yak Bar,,SYD,Sydney Kingsford Smith
Great Northern Dine,,SYD,Sydney Kingsford Smith
Heineken House,,SYD,Sydney Kingsford Smith
Hikari Ramen & Donburi,japanese,SYD,Sydney Kingsford Smith
Icebergs,,SYD,Sydney Kingsford Smith
Inbound Café,,SYD,Sydney Kingsford Smith
Kitchen by Mike,,SYD,Sydney Kingsford Smith
Lilong by Taste of Shanghai,chinese,SYD,Sydney Kingsford Smith
Liv Eat,,SYD,Sydney Kingsford Smith
Loop Bagels,,SYD,Sydney Kingsford Smith
Lotus Dumpling Bar,chinese,SYD,Sydney Kingsford Smith
Loulou,,SYD,Sydney Kingsford Smith
Luke's Bistro & Bar,,SYD,Sydney Kingsford Smith
Lumos Cafe,,SYD,Sydney Kingsford Smith
Mad Mex,mexican,SYD,Sydney Kingsford Smith
Maggio's,,SYD,Sydney Kingsford Smith
Mrs Fields Bakery Cafe,,SYD,Sydney Kingsford Smith
Ooosh Oregano Bakery,,SYD,Sydney Kingsford Smith
Oporto,,SYD,Sydney Kingsford Smith
Peroni Bar,,SYD,Sydney Kingsford Smith
Pete's Pies,,SYD,Sydney Kingsford Smith
Pulp + Grind,,SYD,Sydney Kingsford Smith
Roll'd,vietnamese,SYD,Sydney Kingsford Smith
Sahara Grill,,SYD,Sydney Kingsford Smith
Slim's Quality Burger,burger,SYD,Sydney Kingsford Smith
Sol Bowl,,SYD,Sydney Kingsford Smith
Stitch Coffee,,SYD,Sydney Kingsford Smith
Stone & Wood Dine,,SYD,Sydney Kingsford Smith
SumoSalad Green on Green,,SYD,Sydney Kingsford Smith
Sushia,japanese,SYD,Sydney Kingsford Smith
Sydney Coffee Trader,,SYD,Sydney Kingsford Smith
Taste of Thai,thai,SYD,Sydney Kingsford Smith
The Bistro by Wolfgang Puck,,SYD,Sydney Kingsford Smith
The Sushi Platter,japanese,SYD,Sydney Kingsford Smith
Toby's Estate,,SYD,Sydney Kingsford Smith
Top Juice,juice,SYD,Sydney Kingsford Smith
Tres Tacos,mexican,SYD,Sydney Kingsford Smith
Veloce Espresso,,SYD,Sydney Kingsford Smith
Viaggio Espresso + Bar,,SYD,Sydney Kingsford Smith
7-11,,TPE,Taipei Taoyuan
Airport Corner,,TPE,Taipei Taoyuan
Barista Premium,,TPE,Taipei Taoyuan
Bistro:D,,TPE,Taipei Taoyuan
Burger Land,,TPE,Taipei Taoyuan
C'est Bon Café,,TPE,Taipei Taoyuan
Chengmeng,,TPE,Taipei Taoyuan
Chinese Herb Rib Stew,,TPE,Taipei Taoyuan
COFFEE MAN,,TPE,Taipei Taoyuan
COLDSTONE,,TPE,Taipei Taoyuan
Comebuy,,TPE,Taipei Taoyuan
COMEME,,TPE,Taipei Taoyuan
D'Good Café,,TPE,Taipei Taoyuan
D3 Bar,,TPE,Taipei Taoyuan
Dan Dan Noodles,,TPE,Taipei Taoyuan
DAZZLING Café,,TPE,Taipei Taoyuan
Di Shui Dong Dumplings,,TPE,Taipei Taoyuan
Dome,,TPE,Taipei Taoyuan
Donburi Kitchen,,TPE,Taipei Taoyuan
Dovecat,,TPE,Taipei Taoyuan
Eslite Spectrum Café,,TPE,Taipei Taoyuan
FORMOSA CHANG,,TPE,Taipei Taoyuan
Fujian Noodles,,TPE,Taipei Taoyuan
Gentry Noodle,,TPE,Taipei Taoyuan
Gontran Cherrier,,TPE,Taipei Taoyuan
Guiji,,TPE,Taipei Taoyuan
HA-HA Braised Pork Rice,,TPE,Taipei Taoyuan
Hanlin Tea House,,TPE,Taipei Taoyuan
Hanlin Tea Room,,TPE,Taipei Taoyuan
Hao Hao Chi,,TPE,Taipei Taoyuan
Hong Master Danzai Noodles,,TPE,Taipei Taoyuan
hómee KITCHEN,,TPE,Taipei Taoyuan
Hómee RICE,,TPE,Taipei Taoyuan
I-MEI CLASSIC RESTAURANT,,TPE,Taipei Taoyuan
IJYSHENG,,TPE,Taipei Taoyuan
IKARI Coffee,,TPE,Taipei Taoyuan
J&G Fried Chicken,,TPE,Taipei Taoyuan
Jin Xian Platinum Braised Pork Rice,,TPE,Taipei Taoyuan
Juice Bear,,TPE,Taipei Taoyuan
kafeD,,TPE,Taipei Taoyuan
Kakurega,,TPE,Taipei Taoyuan
La Kaffa,,TPE,Taipei Taoyuan
Maeda Coffee,,TPE,Taipei Taoyuan
Mata Tofu Pudding,,TPE,Taipei Taoyuan
Mazuvillage,,TPE,Taipei Taoyuan
MEBUYTEA,,TPE,Taipei Taoyuan
Mi Solo Yakiniku,,TPE,Taipei Taoyuan
MOONMOONFOOD,,TPE,Taipei Taoyuan
PINE KOREAN Restaurant,,TPE,Taipei Taoyuan
Pizza CreAfe',,TPE,Taipei Taoyuan
RAMEN IROHA,,TPE,Taipei Taoyuan
Ramen Makotoya,,TPE,Taipei Taoyuan
Royal-House,,TPE,Taipei Taoyuan
Second Master & Young Young Bak Kut Teh,,TPE,Taipei Taoyuan
Shu Sheep a Bowl of Lamb,,TPE,Taipei Taoyuan
Sichuan Impression,,TPE,Taipei Taoyuan
Sky Elephant Thai Restaurant,,TPE,Taipei Taoyuan
STAR HOSEKI,,TPE,Taipei Taoyuan
Sugar & Spice,,TPE,Taipei Taoyuan
T2 Tea,,TPE,Taipei Taoyuan
THINK CURRY HOUSE,,TPE,Taipei Taoyuan
TKK Fried Chicken x KUNG FU TEA,,TPE,Taipei Taoyuan
Tofu Hot Pot,,TPE,Taipei Taoyuan
TONKATSU,,TPE,Taipei Taoyuan
VEGE CREEK,,TPE,Taipei Taoyuan
VWI COFFEE BAR,,TPE,Taipei Taoyuan
WANG'S BROTH,,TPE,Taipei Taoyuan
Wing Café,,TPE,Taipei Taoyuan
Xi Zai Bian Grilled Meat Rice,,TPE,Taipei Taoyuan
Yi Fong Tang,,TPE,Taipei Taoyuan
Yummy Town,,TPE,Taipei Taoyuan
BENITORA Xiao Chi,,NRT,Tokyo Narita
BOTEJYU EXPRESS,,NRT,Tokyo Narita
CAFE & DINING N's COURT,,NRT,Tokyo Narita
caffe LAT.25° Terminal1,,NRT,Tokyo Narita
caffe LAT.25° Terminal3 2F,,NRT,Tokyo Narita
caffe LAT.25° Terminal3 3F,,NRT,Tokyo Narita
Dashichazuke EN,,NRT,Tokyo Narita
DEAN & DELUCA CAFÉ Terminal1,,NRT,Tokyo Narita
DEAN & DELUCA CAFÉ Terminal2,,NRT,Tokyo Narita
FRUITPARLOR Mi'z,,NRT,Tokyo Narita
Ginshari Hokkaido,,NRT,Tokyo Narita
Ginza Kagari,,NRT,Tokyo Narita
Gyukatsu Kyoto Katsugyu,,NRT,Tokyo Narita
HAKATA ITTENMON,,NRT,Tokyo Narita
HANBIJAE,,NRT,Tokyo Narita
Homemade Udon Noodles KINEYAMUGIMARU,,NRT,Tokyo Narita
Japanese cuisine restaurant KAMI-HIKOKI,,NRT,Tokyo Narita
JINROKU,,NRT,Tokyo Narita
KANNO COFFEE,,NRT,Tokyo Narita
Katsu-ichi Narita,,NRT,Tokyo Narita
Katsuichi,,NRT,Tokyo Narita
KEIKA RAMEN,,NRT,Tokyo Narita
Kimukatsu,,NRT,Tokyo Narita
Kohantei Bifteck & Wine,,NRT,Tokyo Narita
KOMERAKU,,NRT,Tokyo Narita
KONATSU,,NRT,Tokyo Narita
Kushitei,,NRT,Tokyo Narita
LA BETTOLA da Ochiai Terminal1,,NRT,Tokyo Narita
LA BETTOLA da Ochiai Terminal2,,NRT,Tokyo Narita
Lanzhou Ramen Daikokuya,,NRT,Tokyo Narita
Maisen,,NRT,Tokyo Narita
Maisen Terminal2,,NRT,Tokyo Narita
Matsudo Tomitamendan,,NRT,Tokyo Narita
Mifuneyama Ramen,,NRT,Tokyo Narita
MITSUMOTO TEI Terminal1,,NRT,Tokyo Narita
Miyatake Sanuki Udon,,NRT,Tokyo Narita
Mugi To Olive-Rousokuya,,NRT,Tokyo Narita
NADAMAN,,NRT,Tokyo Narita
NAGASAKASARASINA NUNOYATAHEE,,NRT,Tokyo Narita
Nenrinya CAFÉ & DINER,,NRT,Tokyo Narita
OSAKA OHSHO,,NRT,Tokyo Narita
Oshu Wafuu Dining Kanaami-Tsuji,,NRT,Tokyo Narita
RAMEN ICHIKAKUYA,,NRT,Tokyo Narita
Ramen Miraku,,NRT,Tokyo Narita
Refreshments by NIWA no HOTORI,,NRT,Tokyo Narita
ROJI-URA CURRY SAMURAI.,,NRT,Tokyo Narita
Satellite restaurant TEPPAN YAKI,,NRT,Tokyo Narita
Savor Japanese Izakaya,,NRT,Tokyo Narita
SEIYOKEN,,NRT,Tokyo Narita
Sushi Kyotatsu Terminal1 North Wing,,NRT,Tokyo Narita
Sushi Kyotatsu Terminal2,,NRT,Tokyo Narita
Sushi Uogashi Nihon-ichi,,NRT,Tokyo Narita
Sushi-go-round GANSOZUSHI,,NRT,Tokyo Narita
Sushiichiban Satellite,,NRT,Tokyo Narita
T's TANTAN,,NRT,Tokyo Narita
TANG DYNASTY TO-SHO-MEN,,NRT,Tokyo Narita
Tempura Nihonbashi Tamai,,NRT,Tokyo Narita
TEPPAN YAKI MITSUMOTO TEI / MITSUMOTO COFFEE TEN,,NRT,Tokyo Narita
Teppanyaki Dotonbori Kurita,,NRT,Tokyo Narita
Teriyaki Chicken ITOME,,NRT,Tokyo Narita
Thai Restaurant Jai Thai,,NRT,Tokyo Narita
Tokyo Food Bar,,NRT,Tokyo Narita
TONKATSU INABA WAKO,,NRT,Tokyo Narita
Tonkatsu shinjuku saboten,,NRT,Tokyo Narita
tsukiji - Sushiiwa,,NRT,Tokyo Narita
Tsukiji Sushisei,,NRT,Tokyo Narita
TULLY'S COFFEE Terminal1,,NRT,Tokyo Narita
UOICHI,,NRT,Tokyo Narita
Williams,,NRT,Tokyo Narita
WithGreen,,NRT,Tokyo Narita
Yabase,,NRT,Tokyo Narita
YAKISUKI MEAT DISHES YANMA,,NRT,Tokyo Narita
YUMEAN,,NRT,Tokyo Narita
Zen Akasaka,,NRT,Tokyo Narita
ZKG RESTAURANT,,NRT,Tokyo Narita
Acer,,YYZ,Toronto Pearson
Apropos,,YYZ,Toronto Pearson
Archeo Pizzeria,,YYZ,Toronto Pearson
Bar 120,,YYZ,Toronto Pearson
Boccone Pronto,,YYZ,Toronto Pearson
Boccone Trattoria by Massimo Capra,,YYZ,Toronto Pearson
Booster Juice,,YYZ,Toronto Pearson
Camden Food Company,,YYZ,Toronto Pearson
Caplansky's Deli,,YYZ,Toronto Pearson
Cluny Grille,,YYZ,Toronto Pearson
Comfort Zone,,YYZ,Toronto Pearson
Corso Pizza and Pasta,,YYZ,Toronto Pearson
Distillery Bar,,YYZ,Toronto Pearson
El Catrin Taqueria,,YYZ,Toronto Pearson
Fetta,,YYZ,Toronto Pearson
Heirloom Bakery Cafe,,YYZ,Toronto Pearson
Henderson's Bottle Shop,,YYZ,Toronto Pearson
Ice Bar,,YYZ,Toronto Pearson
LEE Kitchen by Susur Lee,,YYZ,Toronto Pearson
Marathi,,YYZ,Toronto Pearson
Mill Street Brewery Pub,,YYZ,Toronto Pearson
Nobel Burger,,YYZ,Toronto Pearson
Osmow's Shawarma,,YYZ,Toronto Pearson
Paramount Fine Foods,,YYZ,Toronto Pearson
Rock Squeeze,,YYZ,Toronto Pearson
Smoke's Burritorie,,YYZ,Toronto Pearson
Smoke's Poutinerie,,YYZ,Toronto Pearson
Tap & Pour,,YYZ,Toronto Pearson
Thai Express,,YYZ,Toronto Pearson
The Burger Federation,,YYZ,Toronto Pearson
The Dirty Bird Chicken & Waffles Express,,YYZ,Toronto Pearson
The Hearth by Lynn Crawford,,YYZ,Toronto Pearson
Torteria San Cosme,,YYZ,Toronto Pearson
Twist by Roger Mooking,,YYZ,Toronto Pearson
Urban Market,,YYZ,Toronto Pearson
Vinifera,,YYZ,Toronto Pearson
Vino Volo Wine Bar,,YYZ,Toronto Pearson
Bubble Waffle Cafe,,YVR,Vancouver International
Dirty Apron,,YVR,Vancouver International
Galiano Cafe,,YVR,Vancouver International
Globe@YVR,,YVR,Vancouver International
Hanami Express,,YVR,Vancouver International
Hangar 49,,YVR,Vancouver International
Hula Poké,,YVR,Vancouver International
Icons Sports Bar & Grill,,YVR,Vancouver International
Japadog,,YVR,Vancouver International
Jetside Lounge,,YVR,Vancouver International
Lee's Donuts,,YVR,Vancouver International
Lift Bar and Grill,,YVR,Vancouver International
Pacific Coast News Café,,YVR,Vancouver International
Pacific Farms Market,,YVR,Vancouver International
Pajo's Fish & Chips,,YVR,Vancouver International
Paper Planes Cafe,,YVR,Vancouver International
Paragon Tea Room,,YVR,Vancouver International
Purebread,,YVR,Vancouver International
Romers Fresh Kitchen and Bar,,YVR,Vancouver International
Root98,,YVR,Vancouver International
Sal Y Limon,,YVR,Vancouver International
Salmon n' Bannock On The Fly,,YVR,Vancouver International
Sweet Maple Lounge,,YVR,Vancouver International
Triple O's,,YVR,Vancouver International
Whistler Taphouse & Grill,,YVR,Vancouver International
White Spot,,YVR,Vancouver International
Best Ugly Bagels,,WLG,Wellington Airport
Emporio Express,,WLG,Wellington Airport
Good Day,,WLG,Wellington Airport
Haha Chicken,korean,WLG,Wellington Airport
Mojo,,WLG,Wellington Airport
Peloton Bar & Eatery,,WLG,Wellington Airport
Ted & Rose,,WLG,Wellington Airport
Three Quarter Society,,WLG,Wellington Airport
Three Quarter Society Junior,,WLG,Wellington Airport
TJ Katsu Dumplings and Noodles,japanese,WLG,Wellington Airport
TJ Katsu Sushi,japanese,WLG,Wellington Airport
United Brew Works,,WLG,Wellington Airport
Whiskey Lima Golf,,WLG,Wellington Airport
AIR Bakery,,ZRH,Zurich Airport
AIR Restaurant,,ZRH,Zurich Airport
Alpenblick Bar,,ZRH,Zurich Airport
Alpine Bar,,ZRH,Zurich Airport
Aviolino,,ZRH,Zurich Airport
Babel Restaurant,,ZRH,Zurich Airport
Bakeside,,ZRH,Zurich Airport
Bar Iris,,ZRH,Zurich Airport
Bellevue,,ZRH,Zurich Airport
Bye Bye Bar,,ZRH,Zurich Airport
Caffè Spettacolo,,ZRH,Zurich Airport
Caviar House Seafood Bar,,ZRH,Zurich Airport
Center Bar and Kitchen,,ZRH,Zurich Airport
Chalet Suisse,,ZRH,Zurich Airport
Chreis 14 / Café BelleVUE,,ZRH,Zurich Airport
Confiseur Bachmann,,ZRH,Zurich Airport
Edelweiss Café,,ZRH,Zurich Airport
Greens,,ZRH,Zurich Airport
Holy Cow!,,ZRH,Zurich Airport
India,,ZRH,Zurich Airport
l'Oro di Napoli,,ZRH,Zurich Airport
Little Orient,,ZRH,Zurich Airport
Negishi Sushi Bar,,ZRH,Zurich Airport
Novu Campus Coffee Bar,,ZRH,Zurich Airport
NZZ Café,,ZRH,Zurich Airport
Pizza,,ZRH,Zurich Airport
Rice Up!,,ZRH,Zurich Airport
Roots,,ZRH,Zurich Airport
Sablier Rooftop Restaurant & Bar,,ZRH,Zurich Airport
Sapori d'Italia,,ZRH,Zurich Airport
Sportsbar & Terrace,,ZRH,Zurich Airport
Sprüngli Café-Bar,,ZRH,Zurich Airport
Startbar,,ZRH,Zurich Airport
Steiner Flughafebeck,,ZRH,Zurich Airport
Sternen Grill,,ZRH,Zurich Airport
The Gallery Restaurant,,ZRH,Zurich Airport
TUK,,ZRH,Zurich Airport
Umaizushi,,ZRH,Zurich Airport
upperdeck,,ZRH,Zurich Airport
Villa Antinori da Bindella,,ZRH,Zurich Airport
Zoom Restaurant & Bar,,ZRH,Zurich Airport
Zum Mitnäh (by Hyatt Regency),,ZRH,Zurich Airport
Züri Kafi,,ZRH,Zurich Airport
