name,terminal,airside,address,phone,website,cuisine,categories,description,opening_hours,wheelchair,takeaway,halal,vegetarian_options,vegan_options,verified_status,osm_id,logo_url
305 Pizza,North Terminal,Airside,North Terminal,,,Pizza,,A Miami-inspired pizzeria serving New York and Neapolitan-style pizzas with classic and local toppings.,7:00 AM – 10:00 PM,,,,,,OPEN — on official Miami MIA website,,
Au Bon Pain,Central Terminal,Landside,Central Terminal,,,"Bakery, Café",,"Au Bon Pain is an American fast-casual bakery café chain offering freshly baked breads, soups, sandwiches, and salads, found widely in airports, hospitals, and universities.",,,,,,,OPEN — on official Miami MIA website,,https://img.logo.dev/aubonpain.com?token=pk_ESVPZKxARPS4xn3hrJIFiA&size=200&format=png
Au Bon Pain,North Terminal,Landside,North Terminal,,,"Bakery, Café",,"Au Bon Pain is an American fast-casual bakery café chain offering freshly baked breads, soups, sandwiches, and salads, found widely in airports, hospitals, and universities.",,,,,,,OPEN — on official Miami MIA website,,https://img.logo.dev/aubonpain.com?token=pk_ESVPZKxARPS4xn3hrJIFiA&size=200&format=png
Au Bon Pain,North Terminal,Landside,North Terminal,,,"Bakery, Café",,"Au Bon Pain is an American fast-casual bakery café chain offering freshly baked breads, soups, sandwiches, and salads, found widely in airports, hospitals, and universities.",,,,,,,OPEN — on official Miami MIA website,,https://img.logo.dev/aubonpain.com?token=pk_ESVPZKxARPS4xn3hrJIFiA&size=200&format=png
Burger King,South Terminal,Airside,South Terminal,,,Fast Food,,Burger King is a global American fast food chain best known for the flame-grilled Whopper burger and its 'Have It Your Way' customisation philosophy.,,,,,,,OPEN — on official Miami MIA website,,https://img.logo.dev/bk.com?token=pk_ESVPZKxARPS4xn3hrJIFiA&size=200&format=png
Burger King,Central Terminal,Landside,Central Terminal,,,Fast Food,,Burger King is a global American fast food chain best known for the flame-grilled Whopper burger and its 'Have It Your Way' customisation philosophy.,,,,,,,OPEN — on official Miami MIA website,,https://img.logo.dev/bk.com?token=pk_ESVPZKxARPS4xn3hrJIFiA&size=200&format=png
Café La Carreta,Central Terminal,Landside,Central Terminal,,,Latin American,,"A Miami Cuban institution serving café cubano, pressed sandwiches, and traditional Cuban breakfast and lunch dishes.",,,,,,,OPEN — on official Miami MIA website,,
Café Versailles,Central Terminal,Landside,Central Terminal,,,"Café, Latin American",,"Café Versailles is a Miami Cuban café institution known for its strong café cubano, Cuban sandwiches, pastelitos, and bustling window counter culture.",,,,,,,OPEN — on official Miami MIA website,,
Café Versailles,Central Terminal,Airside,Central Terminal,,,"Café, Latin American",,"Café Versailles is a Miami Cuban café institution known for its strong café cubano, Cuban sandwiches, pastelitos, and bustling window counter culture.",,,,,,,OPEN — on official Miami MIA website,,
Café Versailles,North Terminal,Airside,North Terminal,,,"Café, Latin American",,"Café Versailles is a Miami Cuban café institution known for its strong café cubano, Cuban sandwiches, pastelitos, and bustling window counter culture.",,,,,,,OPEN — on official Miami MIA website,,
Café Versailles,North Terminal,Airside,North Terminal,,,"Café, Latin American",,"Café Versailles is a Miami Cuban café institution known for its strong café cubano, Cuban sandwiches, pastelitos, and bustling window counter culture.",,,,,,,OPEN — on official Miami MIA website,,
Carlo's Bake Shop Express,South Terminal,Airside,South Terminal,,,Bakery,,"Carlo's Bake Shop Express is an American bakery chain from the Cake Boss TV show's Carlo's Bakery, offering elaborate cakes, pastries, and baked goods.",,,,,,,OPEN — on official Miami MIA website,,
Carlo's Bake Shop Express,North Terminal,Airside,North Terminal,,,Bakery,,"Carlo's Bake Shop Express is an American bakery chain from the Cake Boss TV show's Carlo's Bakery, offering elaborate cakes, pastries, and baked goods.",,,,,,,OPEN — on official Miami MIA website,,
Chef Creole,Central Terminal,Landside,Central Terminal,,,American,,"A Miami Haitian restaurant serving traditional Creole dishes such as griyo (fried pork), rice and beans, and stewed chicken.",,,,,,,OPEN — on official Miami MIA website,,https://img.logo.dev/chefcreole.com?token=pk_ESVPZKxARPS4xn3hrJIFiA&size=200&format=png
Chefs of the Caribbean,North Terminal,Airside,North Terminal,,,Latin American,,"A Caribbean-themed restaurant serving jerk chicken, rice dishes, plantains, and other island comfort food staples.",,,,,,,OPEN — on official Miami MIA website,,https://img.logo.dev/chefsofthecaribbean.com?token=pk_ESVPZKxARPS4xn3hrJIFiA&size=200&format=png
Chick-fil-A,Central Terminal,Airside,Central Terminal,,,"Fast Food, Steak, Grill Chicken & BBQ",,"Chick-fil-A is an American fast food chain specialising in chicken sandwiches, nuggets, and waffle fries, known for its exceptional customer service and Sunday closures.",,,,,,,OPEN — on official Miami MIA website,,https://img.logo.dev/chick-fil-a.com?token=pk_ESVPZKxARPS4xn3hrJIFiA&size=200&format=png
Dunkin',North Terminal,Airside,North Terminal,,,"Café, Bakery",,"Dunkin' is one of the world's largest coffee and baked goods chains, serving freshly brewed coffee, espresso drinks, and a wide variety of donuts and sandwiches.",,,,,,,OPEN — on official Miami MIA website,,https://img.logo.dev/dunkindonuts.com?token=pk_ESVPZKxARPS4xn3hrJIFiA&size=200&format=png
Dunkin',North Terminal,Airside,North Terminal,,,"Café, Bakery",,"Dunkin' is one of the world's largest coffee and baked goods chains, serving freshly brewed coffee, espresso drinks, and a wide variety of donuts and sandwiches.",Open 24 hours,,,,,,OPEN — on official Miami MIA website,,https://img.logo.dev/dunkindonuts.com?token=pk_ESVPZKxARPS4xn3hrJIFiA&size=200&format=png
Earl of Sandwich,North Terminal,Airside,North Terminal,,,Sandwiches & Deli,,"Earl of Sandwich is an American fast-casual chain inspired by the legendary sandwich inventor, serving hot, made-to-order sandwiches on freshly baked artisan bread.",,,,,,,OPEN — on official Miami MIA website,,https://img.logo.dev/earlofsandwichusa.com?token=pk_ESVPZKxARPS4xn3hrJIFiA&size=200&format=png
Einstein Bros. Bagels,North Terminal,Airside,North Terminal,,,"Sandwiches & Deli, Café",,"Einstein Bros. Bagels is an American bakery café chain offering a wide variety of freshly baked bagels, schmears, egg sandwiches, and specialty coffees.",,,,,,,OPEN — on official Miami MIA website,,https://img.logo.dev/einsteinbros.com?token=pk_ESVPZKxARPS4xn3hrJIFiA&size=200&format=png
illy,South Terminal,Airside,South Terminal,,,Café,,"illy is a premium Italian coffee brand and café operator renowned for its signature single-blend espresso, sustainably sourced Arabica beans, and global café concepts.",,,,,,,OPEN — on official Miami MIA website,,https://img.logo.dev/illy.com?token=pk_ESVPZKxARPS4xn3hrJIFiA&size=200&format=png
Estefan Kitchen Express,North Terminal,Airside,North Terminal,,,"Latin American, American",,"The airport counter from Gloria and Emilio Estefan's Cuban-American restaurant concept, serving pressed Cubans, empanadas, and café cubano.",,,,,,,OPEN — on official Miami MIA website,,https://img.logo.dev/estefankitchenexpress.com?token=pk_ESVPZKxARPS4xn3hrJIFiA&size=200&format=png
Famous Famiglia,North Terminal,Airside,North Terminal,,,"Pizza, American",,"A New York-style pizzeria serving large slices and whole pies with classic toppings, based on a well-known New York pizza family.",,,,,,,OPEN — on official Miami MIA website,,https://img.logo.dev/famousfamiglia.com?token=pk_ESVPZKxARPS4xn3hrJIFiA&size=200&format=png
Farm2Air Market,North Terminal,Airside,North Terminal,,,"Café, Grab & Go",,Farm2Air Market is an airport fresh food market concept emphasising locally sourced produce and grab-and-go meals for health-conscious travellers.,,,,,,,OPEN — on official Miami MIA website,,
Farm2Air Market,South Terminal,Airside,South Terminal,,,"Café, Grab & Go",,Farm2Air Market is an airport fresh food market concept emphasising locally sourced produce and grab-and-go meals for health-conscious travellers.,,,,,,,OPEN — on official Miami MIA website,,
Farm2Air Market,Central Terminal,Airside,Central Terminal,,,"Café, Grab & Go",,Farm2Air Market is an airport fresh food market concept emphasising locally sourced produce and grab-and-go meals for health-conscious travellers.,,,,,,,OPEN — on official Miami MIA website,,
Farmair's Café,South Terminal,Airside,South Terminal,,,Café,,"A casual café serving fresh sandwiches, salads, soups, and coffee using ingredients from local farms.",,,,,,,OPEN — on official Miami MIA website,,
Fig & Fennel,North Terminal,Airside,North Terminal,,,Café,,"A modern café and market serving seasonal salads, grain bowls, artisan sandwiches, and specialty coffee.",,,,,,,OPEN — on official Miami MIA website,,
Gilbert's Food Bar (Post-Security),North Terminal,Airside,North Terminal,,,American,,"A casual food bar serving burgers, sandwiches, snacks, and drinks in a relaxed post-security setting.",,,,,,,OPEN — on official Miami MIA website,,
Jackson Soul Food,Central Terminal,Airside,Central Terminal,,,American,,"A Miami institution serving traditional Southern soul food including fried chicken, collard greens, macaroni and cheese, and cornbread.",,,,,,,OPEN — on official Miami MIA website,,
Juan Valdez Café,North Terminal,Airside,North Terminal,,,"Café, Latin American",,"Juan Valdez Café is a Colombian coffee brand and café chain representing the Colombian Coffee Growers Federation, serving 100% Colombian coffees and pastries.",,,,,,,OPEN — on official Miami MIA website,,https://img.logo.dev/juanvaldez.com?token=pk_ESVPZKxARPS4xn3hrJIFiA&size=200&format=png
KFC,North Terminal,Airside,North Terminal,,,"Fast Food, Steak, Grill Chicken & BBQ",,"KFC (Kentucky Fried Chicken) is a global fast food chain founded by Colonel Harland Sanders, famous for its original recipe fried chicken seasoned with 11 herbs and spices.",,,,,,,OPEN — on official Miami MIA website,,https://img.logo.dev/kfc.com?token=pk_ESVPZKxARPS4xn3hrJIFiA&size=200&format=png
La Carreta,Central Terminal,Airside,Central Terminal,,,Latin American,,"A Miami Cuban restaurant serving generous portions of Cuban classics including ropa vieja, picadillo, and black beans and rice.",,,,,,,OPEN — on official Miami MIA website,,https://img.logo.dev/lacarreta.com?token=pk_ESVPZKxARPS4xn3hrJIFiA&size=200&format=png
La Colombe & The Great Bagel,Central Terminal,Airside,Central Terminal,,,"Café, Sandwiches & Deli",,"A pairing of La Colombe's acclaimed specialty coffee with a New York-style bagel shop serving smoked salmon, cream cheese, and classic bagel sandwiches.",,,,,,,OPEN — on official Miami MIA website,,
Maestro Della Pizza,Central Terminal,Airside,Central Terminal,,,"Pizza, Italian",,An Italian pizzeria serving Neapolitan-style wood-fired pizzas with authentic Italian toppings and fresh ingredients.,,,,,,,OPEN — on official Miami MIA website,,
Manchu Wok,North Terminal,Airside,North Terminal,,,"Chinese, Asian, Fast Food",,"Manchu Wok is a North American Chinese fast food chain found primarily in food courts, serving wok-fried dishes, fried rice, and noodle dishes.",,,,,,,OPEN — on official Miami MIA website,,https://img.logo.dev/manchuwok.com?token=pk_ESVPZKxARPS4xn3hrJIFiA&size=200&format=png
Misha's Cupcakes,Central Terminal,Airside,Central Terminal,,,"Bakery, Desserts",,"Misha's Cupcakes is an artisan cupcake bakery offering freshly baked, creatively decorated cupcakes and custom cakes.",,,,,,,OPEN — on official Miami MIA website,,
Misha's Cupcakes,North Terminal,Airside,North Terminal,,,"Bakery, Desserts",,"Misha's Cupcakes is an artisan cupcake bakery offering freshly baked, creatively decorated cupcakes and custom cakes.",,,,,,,OPEN — on official Miami MIA website,,
Nathan's Famous,South Terminal,Airside,South Terminal,,,"Fast Food, American",,"Nathan's Famous is an iconic American hot dog brand founded in 1916 on Coney Island, New York, home of the world-famous Fourth of July Hot Dog Eating Contest.",,,,,,,OPEN — on official Miami MIA website,,https://img.logo.dev/nathansfamous.com?token=pk_ESVPZKxARPS4xn3hrJIFiA&size=200&format=png
Pizza Hut,North Terminal,Airside,North Terminal,,,Pizza,,"Pizza Hut is one of the world's largest pizza restaurant chains, serving pan pizzas, stuffed crusts, pasta, and sides across dine-in, delivery, and carry-out formats.",,,,,,,OPEN — on official Miami MIA website,,https://img.logo.dev/pizzahut.com?token=pk_ESVPZKxARPS4xn3hrJIFiA&size=200&format=png
Sergio's GO,South Terminal,Airside,South Terminal,,,"Latin American, American",,"The airport express format of Miami's popular Cuban-American diner, serving pressed sandwiches, empanadas, and Cuban coffee.",,,,,,,OPEN — on official Miami MIA website,,
Starbucks,North Terminal,Airside,North Terminal,,,Café,,"Starbucks is the world's largest coffeehouse chain, offering handcrafted espresso beverages, Frappuccinos, teas, and seasonal drinks alongside food items and merchandise.",,,,,,,OPEN — on official Miami MIA website,,https://img.logo.dev/starbucks.com?token=pk_ESVPZKxARPS4xn3hrJIFiA&size=200&format=png
Starbucks,South Terminal,Airside,South Terminal,,,Café,,"Starbucks is the world's largest coffeehouse chain, offering handcrafted espresso beverages, Frappuccinos, teas, and seasonal drinks alongside food items and merchandise.",,,,,,,OPEN — on official Miami MIA website,,https://img.logo.dev/starbucks.com?token=pk_ESVPZKxARPS4xn3hrJIFiA&size=200&format=png
Subway,South Terminal,Airside,South Terminal,,,Sandwiches & Deli,,"Subway is the world's largest submarine sandwich chain, offering customisable subs, wraps, and salads made to order on freshly baked bread with a wide choice of toppings.",,,,,,,OPEN — on official Miami MIA website,,https://img.logo.dev/subway.com?token=pk_ESVPZKxARPS4xn3hrJIFiA&size=200&format=png
Subway,North Terminal,Airside,North Terminal,,,Sandwiches & Deli,,"Subway is the world's largest submarine sandwich chain, offering customisable subs, wraps, and salads made to order on freshly baked bread with a wide choice of toppings.",,,,,,,OPEN — on official Miami MIA website,,https://img.logo.dev/subway.com?token=pk_ESVPZKxARPS4xn3hrJIFiA&size=200&format=png
Subway,Central Terminal,Airside,Central Terminal,,,Sandwiches & Deli,,"Subway is the world's largest submarine sandwich chain, offering customisable subs, wraps, and salads made to order on freshly baked bread with a wide choice of toppings.",Open 24 hours,,,,,,OPEN — on official Miami MIA website,,https://img.logo.dev/subway.com?token=pk_ESVPZKxARPS4xn3hrJIFiA&size=200&format=png
Sushi Maki,North Terminal,Airside,North Terminal,,,"Japanese, Asian",,"Sushi Maki is a South Florida-based Japanese restaurant chain offering sushi, sashimi, and Japanese cuisine in a casual dining setting.",,,,,,,OPEN — on official Miami MIA website,,https://img.logo.dev/sushimaki.com?token=pk_ESVPZKxARPS4xn3hrJIFiA&size=200&format=png
Sushi Maki,Central Terminal,Airside,Central Terminal,,,"Japanese, Asian",,"Sushi Maki is a South Florida-based Japanese restaurant chain offering sushi, sashimi, and Japanese cuisine in a casual dining setting.",,,,,,,OPEN — on official Miami MIA website,,https://img.logo.dev/sushimaki.com?token=pk_ESVPZKxARPS4xn3hrJIFiA&size=200&format=png
Villa Italian Kitchen,Central Terminal,Airside,Central Terminal,,,"Pizza, Italian",,"Villa Italian Kitchen is an American fast-casual Italian chain found in malls and food courts, serving Neapolitan-style pizza by the slice, pasta, and Italian entrées.",,,,,,,OPEN — on official Miami MIA website,,https://img.logo.dev/villaitaliankitchen.com?token=pk_ESVPZKxARPS4xn3hrJIFiA&size=200&format=png
Villa Pizza,North Terminal,Airside,North Terminal,,,"Pizza, Italian",,"Villa Pizza is an American fast-casual pizza concept found in food courts, serving pizza by the slice and Italian-style dishes.",,,,,,,OPEN — on official Miami MIA website,,
Wendy's,North Terminal,Airside,North Terminal,,,"Fast Food, Burgers",,"Wendy's is an American international fast food chain known for its square, fresh, never-frozen beef burgers, the iconic Frosty dessert, and made-to-order menu served since 1969.",,,,,,,OPEN — on official Miami MIA website,,https://img.logo.dev/wendys.com?token=pk_ESVPZKxARPS4xn3hrJIFiA&size=200&format=png
