name,terminal,airside,categories,lat,lon,phone,website,opening_hours,floor_level,wheelchair,takeaway,description,verified_status,osm_id
12oz,Terminal 1,,Cafeteria,,,,,,,,,Cafeteria with coffees, snacks and light meals in Terminal 1.,OPEN — on official FCO website,
Amorino,Terminal 3,,,"Ice Cream, Café",,,,,,,,,Italian gelato chain with artisan flower-shaped gelato and macarons.,OPEN — on official FCO website,
Bistrot,Terminal 3,,Cafeteria,,,,,,,,,Casual bistrot-style cafeteria with sandwiches, pastries and hot drinks.,OPEN — on official FCO website,
Bonci,Terminal 3,,,"Bakery, Pizza",,,,,,,,yes,Roman pizza al taglio pioneer Gabriele Bonci's concept with seasonal toppings on fresh dough.,OPEN — on official FCO website,
Caffè Napoli,Terminal 3,,"Coffee, Café",,,,,,,,,Neapolitan-style coffee bar with authentic espresso, pastries and light bites.,OPEN — on official FCO website,
Caffè Vergnano - Women in Coffee,Terminal 3,,"Coffee, Café",,,,,,,,,Specialty coffee bar celebrating women in coffee with premium Vergnano espresso.,OPEN — on official FCO website,
Caffè Vergnano,Terminal 1,,"Coffee, Café",,,,,,,,,Premium Italian Caffè Vergnano espresso with pastries and café snacks.,OPEN — on official FCO website,
Cioccolati italiani,Terminal 1,,"Ice Cream, Café",,,,,,,,,Italian artisan ice cream and chocolate concept with creative flavours and gelato.,OPEN — on official FCO website,
Rossopomodoro,Terminal 1,,"Restaurant, Italian",,,,,,,,,Neapolitan pizzeria chain with wood-fired pizza, pasta and Italian specialities.,OPEN — on official FCO website,
Tentazioni Cafè,Terminal 3,Airside,"Cafeteria, Food",,,,,,,,,Cafeteria in Area E (gate area) serving coffees, snacks and light meals.,OPEN — on official FCO website,
Bistro by Mastercard,Terminal 3,Airside,"Restaurant, Bar",,,,,,,,,Premium lounge-style bistro and bar with international dishes and cocktails.,OPEN — on official FCO website,
Farinella T3,Terminal 3,Airside,"Bakery, Restaurant",,,,,,,,,Roman artisan bakery and restaurant concept with sourdough pizza, focaccia and seasonal dishes.,OPEN — on official FCO website,
Sophia Loren,Terminal 3,Airside,"Restaurant, Italian",,,,,,,,,Elegant fine dining restaurant named after the iconic Italian actress with classic Italian cuisine.,OPEN — on official FCO website,
Temakinho,Terminal 3,Airside,"Restaurant, Japanese",,,,,,,,,Japanese-Brazilian restaurant blending sushi with Brazilian flavours and tropical cocktails.,OPEN — on official FCO website,
Bottega Prosecco,Terminal 3,Airside,"Bar, Wine Bar",,,,,,,,,Italian wine bar celebrating Prosecco DOC with sparkling wines and aperitivo snacks.,OPEN — on official FCO website,
Berlucchi,Terminal 3,Airside,"Bar, Wine Bar",,,,,,,,,Prestigious Franciacorta sparkling wine bar with premium bubbles and antipasti.,OPEN — on official FCO website,
Eataly,Terminal 3,Airside,"Restaurant, Market, Italian",,,,,,,,,Italy's famous food hall concept with artisan products, fresh pasta, pizza and Italian delicacies.,OPEN — on official FCO website,
Farinella,Terminal 1,Airside,"Bakery, Restaurant",,,,,,,,,Roman artisan bakery with sourdough pizza, focaccia and fresh seasonal dishes in Terminal 1.,OPEN — on official FCO website,
Beercode,Terminal 3,Airside,"Bar, Brewery",,,,,,,,,Craft beer bar with artisan Italian and international brews alongside bar food.,OPEN — on official FCO website,
Doppio Malto,Terminal 3,Airside,"Bar, Restaurant",,,,,,,,,Italian craft brewery restaurant with house-brewed beers and American-style comfort food.,OPEN — on official FCO website,
