name,terminal,airside,categories,lat,lon,phone,website,opening_hours,floor_level,wheelchair,takeaway,description,verified_status,osm_id
The Beehive,South Terminal,Landside,"Pub, Bar, Restaurant, Gluten-free",51.1570031,-0.162448,,https://www.jdwetherspoon.com/pubs/the-beehive-crawley/,,2,,,"​Enjoy great views of the arrivals hall, as well as a cosy interior at this Wetherspoons pub.",OPEN — on official Gatwick website,5046986705
Big Smoke,South Terminal,Airside,"Bar, Restaurant, Pub, Gluten-free",,,,https://www.bigsmoke-taphousekitchen.co.uk/big-smoke-gatwick/,,,,,"Serving you the freshest beers, signature cocktails and delicious all-day menu to suit all tastes.",OPEN — on official Gatwick website,
Black Sheep Coffee,North Terminal,Airside,Coffee,51.1593535,-0.1784641,,https://leavetheherdbehind.com/blogs/locations/gatwick-south-terminal?_pos=1&_sid=da8ef29bc&_ss=r,04:00-20:30,3,,yes,Leave the herd behind and grab a coffee to start your holiday at Black Sheep Coffee.,OPEN — on official Gatwick website,5124083377
Black Sheep Coffee,South Terminal,Landside,Coffee,51.1593535,-0.1784641,,https://leavetheherdbehind.com/blogs/locations/gatwick-south-terminal?_pos=1&_sid=da8ef29bc&_ss=r,24/7,3,,yes,Leave the herd behind and grab a coffee to start your holiday at Black Sheep Coffee.,OPEN — on official Gatwick website,5124083377
The Breakfast Club,North Terminal,Airside,"Restaurant, Gluten-free",51.1595422,-0.1787771,,https://thebreakfastclubcafes.com/gatwick/,,3,,,The Breakfast Club is a 'caf' that serves up legendary dishes throughout the day.,OPEN — on official Gatwick website,5124084005
BrewDog,North Terminal,Airside,"Restaurant, Bar, Gluten-free",51.1597442,-0.178623,,https://www.brewdog.com/au/gatwick-airport,Mo-Su 04:00-19:00,3,,,"20 taps of craft beer and an all day menu of BrewDog favourites, games zone, photobooth & more.",OPEN — on official Gatwick website,12612779401
Caffe Nero,South Terminal,Landside,"Coffee, Gluten-free",,,,https://caffenero.com/uk/,,,,,"​Traditional, Italian-style food and coffee. They also provide ample power points.",OPEN — on official Gatwick website,
The Flying Horse,South Terminal,Airside,"Restaurant, Bar, Pub, Gluten-free",51.1558381,-0.1626146,,https://www.jdwetherspoon.com/pubs/the-flying-horse-crawley/,,2,,,"​​​A friendly, family pub, with great value and great British food and drinks to enjoy.",OPEN — on official Gatwick website,5046986721
GAIL's,South Terminal,Airside,,,,,https://gails.com/pages/gatwick-airport,,,,,"Freshly baked goods, barista-made coffee, and thoughtful gifts on-the-go.",OPEN — on official Gatwick website,
Giraffe,South Terminal,Landside,"Restaurant, Bar, Gluten-free",51.1566801,-0.1626143,,https://www.giraffe.net/restaurants/gatwick-airport,,2,,,A friendly restaurant with flavours from around the world and music to match.,OPEN — on official Gatwick website,5046986702
Greggs,South Terminal,Landside,"Coffee, Fast Food, Gluten-free",,,,https://www.greggs.co.uk/shop-finder?shop-code=5541,,,,,"Grab a taste of home any time, no matter where you're jetting off to with Greggs at London Gatwick.",OPEN — on official Gatwick website,
itsu,South Terminal,Airside,"Restaurant, Fast Food, Gluten-free",51.1555629,-0.1627161,,https://www.itsu.com/location/surrey/gatwick-south-terminal/,,2,,yes,"An Asian-inspired menu packed with vitamins and protein, with most dishes costing under £8.​​",OPEN — on official Gatwick website,5046986723
Joe & The Juice,South Terminal,Airside,"Coffee, Gluten-free, Fast Food",,,,https://www.joejuice.com/store/fa0710b5-ed6d-4b5f-bc1b-8ae3d3db578b,,,,,"With an edgy variety of juices, smoothies, coffee and freshly made sandwiches.",OPEN — on official Gatwick website,
Juniper & Co,North Terminal,Airside,"Bar, Restaurant, Gluten-free",51.1603031,-0.1779611,,,,2,,,Enjoy a  taste of indulgence using locally-sourced ingredients for you to treat yourself.,OPEN — on official Gatwick website,5124092183
Krispy Kreme,North Terminal,Airside,"Coffee, Fast Food",51.1593972,-0.1782399,,https://www.krispykreme.co.uk/,,3,,only,"Freshly-made, iconic Original Glazed doughnuts, barista coffee and awesome shakes.",OPEN — on official Gatwick website,5124083222
Nandos,South Terminal,Airside,"Restaurant, Gluten-free",51.1559466,-0.1643577,,https://www.nandos.co.uk/restaurants/gatwick-south-terminal-airside,,2,,,"​​​Available for eat-in and collect, pop into Nandos for some pre-holiday Peri-Peri chicken.",OPEN — on official Gatwick website,5046986737
PizzaExpress,South Terminal,Airside,"Restaurant, Gluten-free",,,,https://www.pizzaexpress.com/gatwick-airport-south-terminal,,,,,Enjoy PizzaExpress classics or the new breakfast menu. Takeaway available.,OPEN — on official Gatwick website,
Pret a Manger,North Terminal,Both,"Coffee, Gluten-free, Fast Food",51.1594681,-0.1779884,,https://www.pret.co.uk/en-GB/shop-finder/l/gatwick/departures-road/10363,,3,,yes,"Freshly made sandwiches, salads, hot breakfast rolls, croissants, cookies and organic hot drinks.",OPEN — on official Gatwick website,5048781829
Pret a Manger,South Terminal,Both,"Coffee, Gluten-free, Fast Food",51.1594681,-0.1779884,,https://www.pret.co.uk/en-GB/shop-finder/l/gatwick/departures-road/10363,,3,,yes,"Freshly made sandwiches, salads, hot breakfast rolls, croissants, cookies and organic hot drinks.",OPEN — on official Gatwick website,5048781829
Pure,North Terminal,Airside,"Coffee, Fast Food, Gluten-free",51.1597958,-0.1782728,,https://www.pure.co.uk/shops/gatwick-airport/,,3,,yes,"Delicious and fast breakfast, lunch, coffee and dinner. Eat-in, takeaway or on-board.",OPEN — on official Gatwick website,9926672883
The Red Lion,North Terminal,Airside,"Restaurant, Bar, Pub, Gluten-free",51.1612259,-0.1790688,+44 1293 569874,https://www.jdwetherspoon.com/pubs/the-red-lion-crawley/,"Mo,Tu,We 04:00-21:00; Th,Fr,Sa,Su 03:00-21:00",2,yes,,"A friendly, relaxing, family pub, offering great value and great British food.",OPEN — on official Gatwick website,4485727695
Shake Shack,North Terminal,Airside,"Restaurant, Halal",51.1604408,-0.1791347,,https://www.shakeshack.co.uk/locations/gatwick/,,3,,yes,"​​​Classic American-style burgers, shakes and hot dogs made with high-quality ingredients.​​",OPEN — on official Gatwick website,5124085282
Sonoma,North Terminal,Airside,"Restaurant, Bar, Gluten-free",51.1608068,-0.1792136,,https://sonomagatwick.com/,,3,,,​Bringing a taste of California to London Gatwick. Unwind before your journey in the best way.,OPEN — on official Gatwick website,5048781834
South Downs Bar,South Terminal,Airside,Bar,,,,,,,,,"Premium small batch food and drink; English wines, cocktails, pastries and sandwiches.",OPEN — on official Gatwick website,
Starbucks,North Terminal,Both,"Coffee, Gluten-free",51.160965,-0.176829,,https://www.starbucks.co.uk/store-locator?types=starbucks&latLng=51.1675497%2C-0.1741066&zoom=12,,2,yes,yes,"​Customised coffee, handcrafted hot and cold beverages, sandwiches and snacks.",OPEN — on official Gatwick website,5124093307
Starbucks,South Terminal,Airside,"Coffee, Gluten-free",51.160965,-0.176829,,https://www.starbucks.co.uk/store-locator?types=starbucks&latLng=51.1675497%2C-0.1741066&zoom=12,,2,yes,yes,"​Customised coffee, handcrafted hot and cold beverages, sandwiches and snacks.",OPEN — on official Gatwick website,5124093307
Sussex House,North Terminal,Landside,,,,,,,,,,"Welcome to Sussex House Kitchen & Bar, a celebration of local flavours.",OPEN — on official Gatwick website,
Tortilla,North Terminal,Airside,"Restaurant, Fast Food, Halal",51.1606258,-0.1791644,,https://www.tortilla.co.uk/restaurants/gatwick,,3,,yes,Build your own burrito or taco from scratch using fresh quality ingredients.,OPEN — on official Gatwick website,5048781833
wagamama,North Terminal,Airside,"Restaurant, Gluten-free",51.1561569,-0.1628369,,https://www.wagamama.com/restaurants/search?q=London%20Gatwick&qp=London%20Gatwick&l=en_GB,,2,,yes,Head to the bench to get your eat-in or takeaway wagamama fix before you fly.,OPEN — on official Gatwick website,5046986719
wagamama,South Terminal,Airside,"Restaurant, Gluten-free",51.1561569,-0.1628369,,https://www.wagamama.com/restaurants/search?q=London%20Gatwick&qp=London%20Gatwick&l=en_GB,,2,,yes,Head to the bench to get your eat-in or takeaway wagamama fix before you fly.,OPEN — on official Gatwick website,5046986719
Wondertree,South Terminal,Airside,"Restaurant, Gluten-free",,,,,,,,,"Fresh and exciting world food, Fairtrade coffee and independent wines with an airfield view.",OPEN — on official Gatwick website,
